Id,Response,catname0,catname1,catname2,catname3,catname4
4.0,0.0,,,,,
6.0,0.0,,,,,
7.0,0.0,T1,,,,
9.0,0.0,T1,,,,
11.0,0.0,T1,,,,
13.0,0.0,T1,,,,
14.0,0.0,T1,,,,
16.0,0.0,T3,T1,T145,,
18.0,0.0,T1,,,,
23.0,0.0,T1,,,,
26.0,0.0,,,,,
27.0,0.0,T1,,,,
28.0,0.0,T1,,,,
31.0,0.0,T1,,,,
34.0,0.0,,,,,
38.0,0.0,T1,,,,
41.0,0.0,T1,,,,
44.0,0.0,,,,,
47.0,0.0,T1,,,,
49.0,0.0,,,,,
52.0,0.0,T4,T1,T3,T145,
55.0,0.0,T1,,,,
56.0,0.0,T1,T145,,,
57.0,0.0,T1,,,,
63.0,0.0,T1,,,,
68.0,0.0,T1,,,,
70.0,0.0,T1,,,,
71.0,0.0,T1,,,,
72.0,0.0,T1,,,,
73.0,0.0,,,,,
75.0,0.0,T1,,,,
76.0,0.0,T1,,,,
78.0,0.0,T1,,,,
79.0,0.0,T1,,,,
81.0,0.0,T1,,,,
82.0,0.0,T1,,,,
84.0,0.0,T3,T1,T145,,
86.0,0.0,T1,,,,
87.0,0.0,T1,,,,
88.0,0.0,T1,,,,
91.0,0.0,,,,,
92.0,0.0,T1,,,,
93.0,0.0,T1,,,,
95.0,0.0,T1,T145,,,
96.0,0.0,T1,T143,,,
97.0,0.0,T1,,,,
98.0,0.0,T1,,,,
99.0,0.0,,,,,
102.0,0.0,T1,,,,
103.0,0.0,T1,,,,
104.0,0.0,T1,T145,,,
106.0,0.0,T1,,,,
107.0,0.0,T3,T1,T145,,
112.0,0.0,T1,,,,
115.0,0.0,T1,,,,
116.0,0.0,T1,T16,,,
118.0,0.0,T1,,,,
120.0,0.0,T1,,,,
122.0,0.0,T1,,,,
123.0,0.0,T1,,,,
124.0,0.0,T1,,,,
125.0,0.0,T1,,,,
126.0,0.0,,,,,
127.0,0.0,T2,T1,T3,T145,
131.0,0.0,T1,,,,
135.0,0.0,T1,,,,
136.0,0.0,T1,,,,
137.0,0.0,T3,T1,T145,,
140.0,0.0,T1,,,,
142.0,0.0,T1,,,,
145.0,0.0,T1,,,,
146.0,0.0,T1,T16,,,
152.0,0.0,T1,,,,
153.0,0.0,T1,,,,
156.0,0.0,T1,,,,
159.0,0.0,T1,T145,,,
160.0,0.0,,,,,
162.0,0.0,T3,T1,T145,,
163.0,0.0,T1,,,,
165.0,0.0,T1,,,,
166.0,0.0,T3,T1,T256,,
169.0,0.0,,,,,
174.0,0.0,,,,,
175.0,0.0,,,,,
176.0,0.0,,,,,
177.0,0.0,,,,,
179.0,0.0,T1,,,,
181.0,0.0,,,,,
183.0,0.0,T1,,,,
184.0,0.0,T1,,,,
185.0,0.0,T1,,,,
187.0,0.0,T1,,,,
188.0,0.0,T4,T1,T3,T143,T65536
190.0,0.0,T1,,,,
191.0,0.0,T1,,,,
192.0,0.0,T1,,,,
197.0,0.0,T1,T145,,,
200.0,0.0,,,,,
201.0,0.0,T1,,,,
205.0,0.0,T1,,,,
206.0,0.0,T1,,,,
208.0,0.0,T1,,,,
209.0,0.0,T1,,,,
216.0,0.0,,,,,
221.0,0.0,,,,,
223.0,0.0,T1,,,,
226.0,0.0,T1,,,,
229.0,0.0,,,,,
232.0,0.0,T3,T1,T145,,
235.0,0.0,T1,,,,
237.0,0.0,T1,,,,
240.0,0.0,T1,,,,
242.0,0.0,T1,,,,
244.0,0.0,T3,T1,T145,,
245.0,0.0,,,,,
246.0,0.0,,,,,
247.0,0.0,T1,T145,,,
248.0,0.0,T1,,,,
249.0,0.0,T3,T1,T145,,
250.0,0.0,,,,,
254.0,0.0,T1,,,,
255.0,0.0,T3,T1,,,
256.0,0.0,T1,,,,
257.0,0.0,T1,T145,,,
258.0,0.0,T4,T1,T3,T145,
259.0,0.0,T1,,,,
261.0,0.0,,,,,
264.0,0.0,,,,,
265.0,0.0,,,,,
268.0,0.0,T1,,,,
269.0,0.0,T5,T1,T3,T145,
277.0,0.0,T1,,,,
280.0,0.0,,,,,
282.0,0.0,T3,T1,T145,,
284.0,0.0,T1,,,,
285.0,0.0,T1,,,,
286.0,0.0,T1,,,,
287.0,0.0,,,,,
288.0,0.0,T1,,,,
290.0,0.0,T1,,,,
292.0,0.0,T3,T1,T145,,
293.0,0.0,T1,,,,
295.0,0.0,T1,,,,
297.0,0.0,T1,,,,
303.0,0.0,T3,T1,T145,,
304.0,0.0,T3,T1,T145,,
307.0,0.0,T1,,,,
308.0,0.0,T1,,,,
309.0,0.0,T1,,,,
312.0,0.0,,,,,
314.0,0.0,T3,T1,T145,,
315.0,0.0,T1,,,,
316.0,0.0,T1,T145,,,
319.0,0.0,T1,,,,
320.0,0.0,,,,,
321.0,0.0,T1,,,,
322.0,0.0,T4,T1,T3,T145,
323.0,0.0,T4,T1,T3,T145,
324.0,0.0,T1,,,,
325.0,0.0,T1,,,,
327.0,0.0,,,,,
328.0,0.0,,,,,
330.0,0.0,T1,,,,
332.0,0.0,T1,,,,
335.0,0.0,T3,T1,T145,,
336.0,0.0,,,,,
337.0,0.0,T1,,,,
339.0,0.0,T4,T1,T3,T145,
342.0,0.0,,,,,
343.0,0.0,T3,T1,T145,,
344.0,0.0,T1,,,,
347.0,0.0,T1,,,,
351.0,0.0,T1,,,,
352.0,0.0,,,,,
353.0,0.0,T1,,,,
355.0,0.0,T1,,,,
359.0,0.0,,,,,
361.0,0.0,,,,,
362.0,0.0,,,,,
363.0,0.0,T1,,,,
364.0,0.0,,,,,
365.0,0.0,T1,T145,,,
366.0,0.0,,,,,
368.0,0.0,,,,,
372.0,0.0,,,,,
374.0,0.0,,,,,
376.0,0.0,T1,T145,,,
377.0,0.0,T1,,,,
379.0,0.0,T3,T1,T145,,
382.0,0.0,T3,T1,T145,,
383.0,0.0,T3,T1,T145,,
384.0,0.0,T1,,,,
387.0,0.0,,,,,
388.0,0.0,T2,T1,T3,,
389.0,0.0,T3,T1,T145,,
390.0,0.0,T1,,,,
391.0,0.0,T1,,,,
396.0,0.0,T1,,,,
399.0,0.0,T3,T1,T145,,
400.0,0.0,T3,T1,T145,,
401.0,0.0,T1,,,,
403.0,0.0,T1,,,,
404.0,0.0,,,,,
405.0,0.0,,,,,
406.0,0.0,T1,,,,
407.0,0.0,T1,,,,
409.0,0.0,,,,,
410.0,0.0,T1,,,,
412.0,0.0,T1,,,,
416.0,0.0,T1,,,,
421.0,0.0,,,,,
424.0,0.0,T5,T1,T3,T145,
425.0,0.0,T3,T1,T145,,
427.0,0.0,T1,,,,
428.0,0.0,T1,,,,
429.0,0.0,T1,,,,
430.0,0.0,T1,,,,
431.0,0.0,,,,,
434.0,0.0,T1,T143,,,
435.0,0.0,,,,,
436.0,0.0,T1,,,,
439.0,0.0,T1,,,,
440.0,0.0,,,,,
441.0,0.0,T1,T145,,,
442.0,0.0,T1,T145,,,
444.0,0.0,T1,,,,
445.0,0.0,T1,,,,
450.0,0.0,,,,,
451.0,0.0,T1,,,,
452.0,0.0,,,,,
456.0,0.0,T1,T145,,,
457.0,0.0,T1,T145,,,
459.0,0.0,T1,,,,
463.0,0.0,T1,,,,
464.0,0.0,T1,,,,
466.0,0.0,T1,T145,,,
469.0,0.0,T1,T145,,,
470.0,0.0,T1,,,,
471.0,0.0,T1,,,,
472.0,0.0,T3,T1,T145,,
473.0,0.0,T3,T1,T145,,
476.0,0.0,T1,,,,
477.0,0.0,,,,,
478.0,0.0,T1,,,,
479.0,0.0,T1,,,,
484.0,0.0,T5,T1,T3,T145,
486.0,0.0,T1,,,,
487.0,0.0,,,,,
488.0,0.0,T1,,,,
491.0,0.0,,,,,
492.0,0.0,T1,T145,,,
493.0,0.0,T1,,,,
494.0,0.0,T1,,,,
495.0,0.0,T5,T1,T3,,
496.0,0.0,T3,T1,T145,,
499.0,0.0,T1,,,,
500.0,0.0,T1,,,,
502.0,0.0,T1,T145,,,
503.0,0.0,T1,,,,
504.0,0.0,T1,,,,
505.0,0.0,T3,T1,,,
508.0,0.0,T1,T145,,,
510.0,0.0,T1,,,,
511.0,0.0,T2,T1,T3,T145,
515.0,0.0,T4,T1,T3,T145,
516.0,0.0,T4,T1,T3,T145,
517.0,0.0,T3,T1,T143,,
518.0,0.0,T3,T1,T145,,
519.0,0.0,T1,,,,
520.0,0.0,,,,,
522.0,0.0,T3,T1,,,
523.0,0.0,T1,,,,
524.0,0.0,T1,,,,
525.0,0.0,T1,,,,
527.0,0.0,T1,,,,
532.0,0.0,T2,T1,T3,T145,
533.0,0.0,T1,,,,
534.0,0.0,T1,,,,
538.0,0.0,T1,T145,,,
540.0,0.0,T1,,,,
541.0,0.0,T1,,,,
544.0,0.0,T1,,,,
545.0,0.0,,,,,
547.0,0.0,T4,T1,T3,T145,
550.0,0.0,T4,T1,T3,T145,
553.0,0.0,,,,,
555.0,0.0,T1,,,,
558.0,0.0,,,,,
560.0,0.0,T1,,,,
561.0,0.0,T1,,,,
562.0,0.0,T4,T1,T3,,
564.0,0.0,T1,,,,
565.0,0.0,T3,T1,T145,,
567.0,0.0,,,,,
570.0,0.0,T1,,,,
571.0,0.0,T4,T1,T3,T145,
573.0,0.0,T1,,,,
575.0,0.0,T1,,,,
576.0,0.0,T1,,,,
580.0,0.0,T3,T1,T145,,
581.0,0.0,T1,T143,,,
584.0,0.0,T1,T143,,,
585.0,0.0,T1,,,,
586.0,0.0,T3,T1,T145,,
587.0,0.0,,,,,
588.0,0.0,T1,,,,
589.0,0.0,,,,,
594.0,0.0,T1,,,,
597.0,0.0,,,,,
599.0,0.0,T3,T1,T145,,
601.0,0.0,T1,,,,
602.0,0.0,T3,T1,T145,,
603.0,0.0,T4,T1,T3,T145,
604.0,0.0,,,,,
605.0,0.0,T3,T1,T145,,
607.0,0.0,T4,T1,T3,T145,
609.0,0.0,T1,,,,
610.0,0.0,T1,,,,
612.0,0.0,,,,,
613.0,0.0,T1,T145,,,
614.0,0.0,T3,T1,T145,,
616.0,0.0,T1,T128,,,
618.0,0.0,T3,T1,T145,,
620.0,0.0,T1,,,,
621.0,0.0,T1,,,,
625.0,0.0,T1,T16777557,,,
629.0,0.0,T1,,,,
631.0,0.0,T3,T1,T145,,
632.0,0.0,T1,,,,
633.0,0.0,T1,,,,
637.0,0.0,T1,,,,
638.0,0.0,T4,T1,T3,T145,
641.0,0.0,T1,,,,
643.0,0.0,,,,,
645.0,0.0,T1,,,,
649.0,0.0,T1,,,,
650.0,0.0,T1,,,,
652.0,0.0,,,,,
654.0,0.0,,,,,
656.0,0.0,,,,,
662.0,0.0,T1,,,,
664.0,0.0,,,,,
668.0,0.0,T4,T1,T3,T145,
669.0,0.0,T1,,,,
671.0,0.0,T1,T143,,,
673.0,0.0,T1,,,,
674.0,0.0,T1,,,,
675.0,0.0,,,,,
676.0,0.0,T1,,,,
678.0,0.0,T1,T145,,,
681.0,0.0,T1,,,,
682.0,0.0,,,,,
684.0,0.0,T1,,,,
685.0,0.0,T1,,,,
691.0,0.0,,,,,
692.0,0.0,T1,,,,
693.0,0.0,T1,,,,
694.0,0.0,T3,T1,T145,,
695.0,0.0,T1,T145,,,
697.0,0.0,T1,,,,
701.0,0.0,T1,,,,
702.0,0.0,T3,T1,T145,,
704.0,0.0,T1,,,,
709.0,0.0,T1,,,,
712.0,0.0,,,,,
713.0,0.0,T1,,,,
717.0,0.0,,,,,
718.0,0.0,T1,,,,
723.0,0.0,T3,T1,T145,,
724.0,0.0,T1,,,,
725.0,0.0,,,,,
726.0,0.0,T1,,,,
727.0,0.0,T1,,,,
729.0,0.0,T1,,,,
730.0,0.0,T3,T1,T145,,
731.0,0.0,T1,,,,
734.0,0.0,T3,T1,T145,,
735.0,0.0,T1,,,,
736.0,0.0,T1,,,,
738.0,0.0,,,,,
743.0,0.0,T3,T1,T145,,
744.0,0.0,T4,T1,T3,,
745.0,0.0,T1,T145,,,
746.0,0.0,T1,,,,
747.0,0.0,T1,,,,
748.0,0.0,T2,T3,T1,T145,
749.0,0.0,T3,T1,T145,,
753.0,0.0,T1,,,,
754.0,0.0,T1,,,,
755.0,0.0,T1,,,,
756.0,0.0,T1,,,,
757.0,0.0,T1,T145,,,
759.0,0.0,T1,,,,
760.0,0.0,,,,,
761.0,0.0,,,,,
763.0,0.0,,,,,
764.0,0.0,T3,T1,T145,,
766.0,0.0,T3,T1,T145,,
767.0,0.0,T1,,,,
771.0,0.0,,,,,
772.0,0.0,T1,,,,
775.0,0.0,,,,,
776.0,0.0,T1,,,,
777.0,0.0,T3,T1,T145,,
779.0,0.0,T4,T1,T3,,
780.0,0.0,,,,,
783.0,0.0,T1,,,,
784.0,0.0,T5,T1,T3,T145,
785.0,0.0,T5,T1,T3,T145,
789.0,0.0,T1,,,,
792.0,0.0,T3,T1,T145,,
796.0,0.0,,,,,
797.0,0.0,,,,,
800.0,0.0,T1,,,,
801.0,0.0,T1,,,,
803.0,0.0,T1,,,,
808.0,0.0,T1,,,,
810.0,0.0,T4,T1,T3,T145,
811.0,0.0,T1,,,,
813.0,0.0,,,,,
818.0,0.0,T1,,,,
821.0,0.0,T1,T145,,,
823.0,0.0,T1,,,,
824.0,0.0,T3,T1,T145,,
825.0,0.0,T1,T128,,,
826.0,0.0,,,,,
827.0,0.0,T1,,,,
831.0,0.0,T1,,,,
832.0,0.0,T4,T1,T3,T145,
834.0,0.0,T1,,,,
835.0,0.0,,,,,
842.0,0.0,T3,T1,T145,,
843.0,0.0,T1,,,,
844.0,0.0,T1,,,,
845.0,0.0,T1,,,,
851.0,0.0,T1,T145,,,
852.0,0.0,T1,,,,
855.0,0.0,T1,T145,,,
859.0,0.0,T3,T1,T145,,
860.0,0.0,T1,,,,
861.0,0.0,T1,,,,
862.0,0.0,T1,,,,
865.0,0.0,T1,,,,
867.0,0.0,T1,,,,
869.0,0.0,T1,,,,
870.0,0.0,,,,,
871.0,0.0,T1,,,,
872.0,0.0,T3,T1,T145,,
873.0,0.0,,,,,
874.0,0.0,,,,,
879.0,0.0,T1,,,,
882.0,0.0,T1,,,,
883.0,0.0,T1,,,,
885.0,0.0,T1,,,,
887.0,0.0,T1,,,,
890.0,0.0,T1,,,,
891.0,0.0,T1,,,,
892.0,0.0,T1,,,,
893.0,0.0,T1,,,,
896.0,0.0,T1,,,,
899.0,0.0,T4,T1,T3,T145,
901.0,0.0,T1,,,,
902.0,0.0,T4,T1,T3,T143,
903.0,0.0,T1,,,,
904.0,0.0,,,,,
905.0,0.0,T1,T145,,,
907.0,0.0,T1,,,,
908.0,0.0,T1,,,,
909.0,0.0,,,,,
910.0,0.0,T3,T1,T145,,
911.0,0.0,,,,,
912.0,0.0,T3,T1,,,
913.0,0.0,,,,,
914.0,0.0,T1,,,,
916.0,0.0,T3,T1,T145,,
917.0,0.0,T1,T145,,,
919.0,0.0,,,,,
920.0,0.0,,,,,
925.0,0.0,T1,,,,
926.0,0.0,T1,,,,
928.0,0.0,,,,,
929.0,0.0,T1,,,,
934.0,0.0,T1,,,,
938.0,0.0,T3,T1,T143,,
939.0,0.0,T1,T145,,,
940.0,0.0,T3,T1,T145,,
941.0,0.0,T1,,,,
942.0,0.0,,,,,
944.0,0.0,T1,,,,
945.0,0.0,,,,,
947.0,0.0,T1,,,,
949.0,0.0,T1,T145,,,
951.0,0.0,T3,T1,T145,,
955.0,0.0,T1,,,,
960.0,0.0,T5,T1,T3,T145,
961.0,0.0,T1,,,,
967.0,0.0,T1,T145,,,
968.0,0.0,,,,,
970.0,0.0,,,,,
973.0,0.0,T1,,,,
974.0,0.0,T1,,,,
975.0,0.0,T1,,,,
976.0,0.0,T1,,,,
977.0,0.0,T1,,,,
980.0,0.0,T3,T1,T145,,
985.0,0.0,T1,,,,
987.0,0.0,T1,T143,,,
989.0,0.0,T1,,,,
990.0,0.0,T1,T145,,,
994.0,0.0,T3,T1,T145,,
995.0,0.0,T1,,,,
996.0,0.0,,,,,
997.0,0.0,,,,,
999.0,0.0,T1,,,,
1002.0,0.0,T1,,,,
1003.0,0.0,T1,,,,
1005.0,0.0,T1,,,,
1006.0,0.0,,,,,
1007.0,0.0,T1,,,,
1017.0,0.0,,,,,
1019.0,0.0,,,,,
1021.0,0.0,T1,,,,
1022.0,0.0,T1,,,,
1023.0,0.0,T5,T1,T3,T145,
1025.0,0.0,T1,,,,
1026.0,0.0,T1,,,,
1027.0,0.0,T1,,,,
1030.0,0.0,,,,,
1032.0,0.0,T1,,,,
1034.0,0.0,T1,,,,
1036.0,0.0,T1,T145,,,
1040.0,0.0,,,,,
1041.0,0.0,,,,,
1043.0,0.0,T1,,,,
1044.0,0.0,T1,,,,
1046.0,0.0,T1,,,,
1048.0,0.0,T1,,,,
1049.0,0.0,T3,T1,T145,,
1050.0,0.0,T3,T1,T145,,
1053.0,1.0,T1,,,,
1054.0,0.0,T1,,,,
1055.0,0.0,T1,,,,
1059.0,0.0,T1,,,,
1061.0,0.0,T1,,,,
1062.0,0.0,T1,,,,
1063.0,0.0,T1,,,,
1064.0,0.0,T1,,,,
1066.0,0.0,T1,,,,
1067.0,0.0,T1,,,,
1069.0,0.0,T1,T145,,,
1070.0,0.0,T1,,,,
1076.0,0.0,,,,,
1078.0,0.0,T1,T512,,,
1080.0,0.0,T2,T1,T3,T145,
1082.0,0.0,,,,,
1083.0,0.0,T1,,,,
1084.0,0.0,T1,,,,
1097.0,0.0,T1,,,,
1098.0,0.0,T3,T1,,,
1099.0,0.0,T1,,,,
1101.0,0.0,T1,T145,,,
1102.0,0.0,,,,,
1104.0,0.0,T1,,,,
1106.0,0.0,T1,,,,
1108.0,0.0,T3,T1,T145,,
1112.0,0.0,T3,T1,T145,,
1113.0,0.0,T3,T1,T145,,
1115.0,0.0,T3,T1,T145,,
1117.0,0.0,T1,,,,
1118.0,0.0,T3,T1,T145,,
1119.0,0.0,,,,,
1124.0,0.0,,,,,
1126.0,0.0,,,,,
1127.0,0.0,T1,,,,
1130.0,0.0,T1,,,,
1132.0,0.0,,,,,
1133.0,0.0,T1,,,,
1138.0,0.0,,,,,
1139.0,0.0,,,,,
1140.0,0.0,,,,,
1141.0,0.0,,,,,
1142.0,0.0,T1,,,,
1143.0,0.0,T1,,,,
1144.0,0.0,T1,,,,
1145.0,0.0,T1,,,,
1146.0,0.0,T1,,,,
1147.0,0.0,T3,T1,,,
1150.0,0.0,T1,,,,
1153.0,0.0,T1,,,,
1155.0,0.0,T1,,,,
1158.0,0.0,T1,,,,
1160.0,0.0,T1,,,,
1167.0,0.0,T3,T1,T145,,
1168.0,0.0,T1,,,,
1171.0,0.0,T1,,,,
1172.0,0.0,T3,T1,T145,,
1178.0,0.0,T1,,,,
1180.0,0.0,T1,,,,
1182.0,0.0,T3,T1,,,
1184.0,0.0,T1,,,,
1185.0,0.0,T1,,,,
1186.0,0.0,,,,,
1190.0,0.0,T1,,,,
1191.0,0.0,T1,,,,
1194.0,0.0,T1,,,,
1195.0,0.0,T1,,,,
1197.0,0.0,T4,T1,T3,T145,
1198.0,0.0,T1,T145,,,
1202.0,0.0,T1,,,,
1207.0,0.0,,,,,
1209.0,0.0,T3,T1,T145,,
1210.0,0.0,T3,T1,T145,,
1212.0,0.0,T1,,,,
1213.0,0.0,T1,,,,
1214.0,0.0,T1,,,,
1215.0,0.0,T3,T1,T145,,
1216.0,0.0,,,,,
1217.0,0.0,T1,,,,
1218.0,0.0,T3,T1,T145,,
1219.0,0.0,T1,,,,
1221.0,0.0,,,,,
1222.0,0.0,T1,,,,
1223.0,0.0,T3,T1,,,
1225.0,0.0,,,,,
1228.0,0.0,,,,,
1230.0,0.0,T1,T143,,,
1233.0,0.0,T3,T1,T145,,
1234.0,0.0,T1,,,,
1235.0,0.0,T1,,,,
1237.0,0.0,T3,T1,T145,,
1239.0,0.0,T1,T143,,,
1246.0,0.0,T1,,,,
1248.0,0.0,T1,,,,
1250.0,1.0,T1,T2,,,
1251.0,0.0,T1,T2,,,
1252.0,0.0,T4,T1,T3,T145,
1255.0,0.0,T4,T1,T3,T145,
1256.0,0.0,,,,,
1270.0,0.0,T1,T143,,,
1274.0,0.0,,,,,
1275.0,0.0,,,,,
1276.0,0.0,,,,,
1277.0,0.0,,,,,
1283.0,0.0,T1,,,,
1284.0,0.0,T1,,,,
1285.0,0.0,T1,,,,
1288.0,0.0,T1,,,,
1291.0,0.0,T1,,,,
1292.0,0.0,T1,,,,
1293.0,0.0,,,,,
1294.0,0.0,T1,,,,
1296.0,0.0,T1,,,,
1298.0,0.0,T1,,,,
1300.0,0.0,T1,,,,
1302.0,0.0,T1,T145,,,
1304.0,0.0,T1,,,,
1306.0,0.0,T3,T1,T145,,
1307.0,0.0,T3,T1,T145,,
1308.0,0.0,T3,T1,T145,,
1310.0,0.0,T1,T143,,,
1311.0,0.0,,,,,
1312.0,0.0,T1,,,,
1313.0,0.0,T1,,,,
1318.0,0.0,T3,T1,T145,,
1320.0,0.0,T4,T1,T3,T145,
1322.0,0.0,T3,T1,T145,,
1323.0,0.0,T1,,,,
1325.0,0.0,T1,,,,
1326.0,0.0,,,,,
1327.0,0.0,T3,T1,,,
1329.0,0.0,T1,,,,
1331.0,0.0,T1,,,,
1332.0,0.0,T1,T143,,,
1333.0,0.0,T1,,,,
1334.0,0.0,T1,,,,
1335.0,0.0,T1,T16777232,,,
1336.0,0.0,T1,T143,,,
1337.0,0.0,T3,T1,T145,,
1342.0,0.0,T1,,,,
1346.0,0.0,T1,,,,
1349.0,0.0,T4,T1,T3,T145,
1350.0,1.0,T1,T143,,,
1351.0,0.0,T1,T143,,,
1356.0,0.0,T1,T145,,,
1358.0,0.0,T3,T1,T145,,
1359.0,0.0,T1,,,,
1360.0,0.0,T1,,,,
1361.0,0.0,T1,T145,,,
1362.0,0.0,T1,,,,
1366.0,0.0,T1,T512,,,
1368.0,0.0,T1,,,,
1370.0,0.0,,,,,
1373.0,0.0,T3,T1,T145,,
1375.0,0.0,,,,,
1379.0,0.0,T1,,,,
1380.0,0.0,T4,T1,T3,T145,
1381.0,0.0,,,,,
1382.0,0.0,,,,,
1384.0,0.0,T1,,,,
1385.0,0.0,T1,,,,
1387.0,0.0,T3,T1,T145,,
1388.0,0.0,T1,,,,
1389.0,0.0,T1,,,,
1390.0,0.0,,,,,
1391.0,0.0,T1,,,,
1392.0,0.0,T1,,,,
1406.0,0.0,T1,,,,
1407.0,0.0,T1,,,,
1410.0,0.0,T5,T1,T3,T145,
1411.0,0.0,T1,,,,
1412.0,0.0,T1,,,,
1414.0,0.0,T1,,,,
1415.0,0.0,T1,,,,
1419.0,0.0,,,,,
1421.0,0.0,T1,,,,
1423.0,0.0,,,,,
1425.0,0.0,T1,,,,
1426.0,0.0,T1,,,,
1429.0,0.0,T1,,,,
1432.0,0.0,T1,T145,,,
1438.0,0.0,T1,,,,
1442.0,0.0,T1,,,,
1445.0,0.0,T1,,,,
1446.0,0.0,,,,,
1447.0,0.0,T3,T1,T145,,
1450.0,0.0,T1,,,,
1451.0,0.0,T3,T1,T145,,
1453.0,0.0,T1,,,,
1454.0,0.0,T1,,,,
1455.0,0.0,T3,T1,T145,,
1456.0,0.0,,,,,
1461.0,0.0,T1,,,,
1463.0,0.0,T5,T1,T3,T145,
1464.0,0.0,T1,,,,
1468.0,0.0,T1,T143,,,
1473.0,0.0,T1,,,,
1476.0,0.0,T1,T16,,,
1481.0,0.0,,,,,
1482.0,0.0,T1,,,,
1483.0,0.0,T3,T1,T145,,
1487.0,0.0,T1,,,,
1492.0,0.0,T1,,,,
1493.0,0.0,T1,,,,
1499.0,0.0,T1,,,,
1500.0,0.0,T1,,,,
1502.0,0.0,T1,,,,
1503.0,0.0,T1,,,,
1506.0,0.0,,,,,
1508.0,0.0,T1,,,,
1511.0,0.0,T3,T1,T145,,
1513.0,0.0,T2,T1,T3,T143,
1516.0,0.0,T1,,,,
1517.0,0.0,,,,,
1520.0,0.0,T1,T145,,,
1521.0,0.0,T1,,,,
1526.0,0.0,,,,,
1538.0,0.0,T1,,,,
1539.0,0.0,T1,T145,,,
1541.0,0.0,T1,,,,
1542.0,0.0,T3,T1,T145,,
1544.0,0.0,,,,,
1545.0,0.0,T1,,,,
1546.0,0.0,,,,,
1548.0,0.0,T3,T1,T145,,
1549.0,0.0,T1,,,,
1550.0,0.0,T1,,,,
1552.0,0.0,T1,T145,,,
1553.0,0.0,T1,,,,
1555.0,0.0,T3,T1,T145,,
1557.0,0.0,T3,T1,T145,,
1558.0,0.0,T1,,,,
1560.0,0.0,T1,T145,,,
1561.0,0.0,T1,,,,
1563.0,0.0,,,,,
1566.0,0.0,T3,T1,T145,,
1579.0,0.0,T1,,,,
1586.0,0.0,T1,,,,
1588.0,0.0,T1,,,,
1589.0,0.0,,,,,
1590.0,0.0,T1,T143,,,
1595.0,0.0,T1,,,,
1597.0,0.0,T1,,,,
1598.0,0.0,T1,,,,
1599.0,0.0,T1,,,,
1600.0,0.0,T1,,,,
1601.0,0.0,,,,,
1603.0,0.0,T1,,,,
1604.0,0.0,,,,,
1606.0,0.0,T1,,,,
1609.0,0.0,T1,,,,
1611.0,0.0,T1,,,,
1612.0,0.0,,,,,
1614.0,0.0,T3,T1,T145,,
1615.0,0.0,T2,T1,T3,T145,
1616.0,0.0,T1,,,,
1617.0,0.0,T1,,,,
1618.0,0.0,T1,,,,
1619.0,0.0,T1,,,,
1620.0,0.0,T1,,,,
1623.0,0.0,T1,,,,
1624.0,0.0,T1,,,,
1625.0,0.0,T1,,,,
1627.0,0.0,T1,,,,
1628.0,0.0,T1,,,,
1629.0,0.0,T1,,,,
1630.0,0.0,,,,,
1631.0,0.0,T1,T145,,,
1633.0,0.0,T5,T1,T3,T145,
1634.0,0.0,T1,,,,
1635.0,0.0,T1,,,,
1640.0,0.0,T1,,,,
1641.0,0.0,T1,,,,
1642.0,0.0,T4,T1,T786432,T3,T145
1643.0,0.0,T1,,,,
1644.0,0.0,,,,,
1645.0,0.0,,,,,
1649.0,0.0,T3,T1,T145,,
1650.0,0.0,T3,T1,T145,,
1652.0,0.0,T3,T1,T145,,
1653.0,0.0,T1,,,,
1655.0,0.0,T1,,,,
1656.0,0.0,T1,T145,,,
1660.0,0.0,T3,T1,T143,,
1661.0,0.0,T3,T1,T145,,
1663.0,0.0,T1,,,,
1666.0,0.0,T1,,,,
1669.0,0.0,T1,,,,
1671.0,0.0,,,,,
1672.0,0.0,T1,,,,
1675.0,0.0,T3,T1,T145,,
1677.0,0.0,T1,T512,,,
1679.0,0.0,T1,,,,
1681.0,0.0,T1,,,,
1685.0,0.0,T3,T1,T145,,
1690.0,0.0,T1,,,,
1691.0,0.0,T4,T1,T3,T145,
1693.0,0.0,T1,T145,,,
1695.0,0.0,T1,,,,
1697.0,0.0,T4,T1,T3,T145,
1698.0,0.0,T1,T145,,,
1700.0,0.0,T1,,,,
1701.0,0.0,T1,,,,
1702.0,0.0,T1,,,,
1703.0,0.0,T1,,,,
1704.0,0.0,T1,,,,
1705.0,0.0,T3,T1,T145,,
1707.0,0.0,T2,T3,T1,T145,
1708.0,0.0,,,,,
1709.0,0.0,T1,,,,
1712.0,0.0,T1,,,,
1714.0,0.0,T1,,,,
1715.0,0.0,T1,,,,
1716.0,0.0,T4,T1,T3,T145,
1720.0,0.0,,,,,
1723.0,0.0,T1,,,,
1724.0,0.0,T1,,,,
1725.0,0.0,T1,T145,,,
1726.0,0.0,T1,T145,,,
1727.0,0.0,T4,T1,T3,T145,
1729.0,0.0,T1,,,,
1733.0,0.0,T1,,,,
1737.0,0.0,T1,,,,
1739.0,0.0,T1,,,,
1740.0,0.0,T3,T1,T145,,
1741.0,0.0,T1,,,,
1744.0,0.0,,,,,
1745.0,0.0,,,,,
1746.0,0.0,T1,,,,
1748.0,0.0,,,,,
1750.0,0.0,T1,,,,
1751.0,0.0,T1,,,,
1752.0,0.0,T1,,,,
1753.0,0.0,T1,,,,
1757.0,0.0,,,,,
1758.0,0.0,,,,,
1768.0,0.0,,,,,
1769.0,0.0,T1,,,,
1773.0,0.0,T3,T1,,,
1775.0,0.0,T1,,,,
1778.0,0.0,,,,,
1779.0,0.0,T3,T1,T145,,
1781.0,0.0,T1,,,,
1784.0,0.0,,,,,
1786.0,0.0,T1,,,,
1787.0,0.0,T5,T1,T3,T145,
1790.0,0.0,T3,T1,T145,,
1792.0,0.0,T1,,,,
1793.0,1.0,T1,,,,
1794.0,0.0,T1,,,,
1797.0,0.0,,,,,
1800.0,0.0,,,,,
1801.0,0.0,T1,T143,,,
1804.0,0.0,T1,,,,
1808.0,0.0,,,,,
1809.0,0.0,T4,T1,T3,T145,
1812.0,0.0,,,,,
1816.0,0.0,T1,T145,,,
1817.0,0.0,,,,,
1821.0,0.0,T1,,,,
1823.0,0.0,,,,,
1830.0,0.0,T1,,,,
1832.0,0.0,,,,,
1834.0,0.0,,,,,
1835.0,0.0,T4,T1,T3,T145,
1836.0,0.0,T1,,,,
1838.0,0.0,T1,,,,
1840.0,0.0,T1,,,,
1842.0,0.0,T1,,,,
1847.0,0.0,T1,T143,,,
1848.0,0.0,T1,,,,
1850.0,0.0,T1,,,,
1852.0,0.0,T1,,,,
1853.0,0.0,T1,T143,,,
1861.0,0.0,,,,,
1866.0,0.0,T3,T1,T145,,
1867.0,0.0,,,,,
1870.0,0.0,,,,,
1871.0,0.0,T1,T145,,,
1873.0,0.0,T4,T1,T3,T145,
1876.0,0.0,T1,,,,
1877.0,0.0,T4,T1,T3,T145,
1878.0,0.0,T1,,,,
1879.0,0.0,T1,,,,
1881.0,0.0,T1,T145,,,
1887.0,0.0,T1,,,,
1888.0,0.0,T1,,,,
1890.0,0.0,T3,T1,T145,,
1893.0,0.0,T1,,,,
1895.0,0.0,T1,,,,
1897.0,0.0,T3,T1,T143,,
1902.0,0.0,T1,,,,
1903.0,0.0,T1,,,,
1904.0,0.0,T1,,,,
1907.0,0.0,T1,,,,
1910.0,0.0,T1,,,,
1911.0,0.0,T1,,,,
1912.0,0.0,,,,,
1913.0,0.0,,,,,
1914.0,0.0,T1,,,,
1915.0,0.0,T3,T1,T145,,
1916.0,0.0,,,,,
1918.0,0.0,,,,,
1921.0,0.0,T4,T1,T3,T145,
1924.0,0.0,,,,,
1927.0,0.0,T2,T1,T3,T145,
1928.0,0.0,T1,,,,
1932.0,0.0,T1,,,,
1934.0,0.0,T1,,,,
1936.0,0.0,T3,T1,T145,,
1937.0,0.0,,,,,
1938.0,0.0,,,,,
1942.0,0.0,T1,,,,
1945.0,0.0,T1,T145,,,
1948.0,0.0,,,,,
1949.0,0.0,T1,T145,,,
1951.0,0.0,,,,,
1952.0,0.0,T3,T1,T145,,
1953.0,0.0,,,,,
1955.0,0.0,T1,,,,
1956.0,0.0,T3,T1,T145,,
1961.0,0.0,,,,,
1964.0,0.0,T1,,,,
1967.0,0.0,,,,,
1971.0,0.0,T1,,,,
1972.0,0.0,T4,T1,T3,T145,
1973.0,0.0,,,,,
1975.0,0.0,T1,,,,
1976.0,0.0,T1,,,,
1980.0,0.0,T1,,,,
1987.0,0.0,T1,,,,
1990.0,0.0,T1,,,,
1993.0,0.0,T1,T145,,,
1995.0,0.0,T1,,,,
1998.0,0.0,T1,,,,
1999.0,0.0,T1,,,,
2000.0,0.0,T1,,,,
2004.0,0.0,T1,,,,
2006.0,0.0,T1,,,,
2007.0,0.0,T1,,,,
2009.0,0.0,,,,,
2012.0,0.0,,,,,
2016.0,0.0,T1,,,,
2019.0,0.0,,,,,
2020.0,0.0,T3,T1,T145,,
2021.0,0.0,T5,T1,T3,T145,
2023.0,0.0,T3,T1,T145,,
2024.0,0.0,T5,T1,T3,T145,
2026.0,0.0,T1,,,,
2027.0,0.0,T1,,,,
2034.0,0.0,T1,T145,,,
2036.0,0.0,T1,,,,
2037.0,0.0,T1,,,,
2040.0,0.0,T1,,,,
2041.0,0.0,T3,T1,T145,,
2043.0,0.0,T1,,,,
2044.0,0.0,T3,T1,T145,,
2046.0,0.0,T4,T1,T3,T145,
2050.0,0.0,T1,T8,,,
2053.0,0.0,T1,,,,
2055.0,0.0,T1,,,,
2059.0,0.0,T3,T1,T145,,
2060.0,0.0,T1,,,,
2061.0,0.0,,,,,
2062.0,0.0,T3,T1,T145,,
2063.0,0.0,,,,,
2065.0,0.0,T1,T145,,,
2069.0,0.0,T5,T1,T3,T145,
2072.0,0.0,,,,,
2074.0,0.0,T1,,,,
2075.0,0.0,,,,,
2078.0,0.0,T1,,,,
2079.0,0.0,T3,T1,T145,,
2082.0,0.0,T1,,,,
2085.0,0.0,T1,T143,,,
2090.0,0.0,T1,,,,
2096.0,0.0,T1,,,,
2097.0,0.0,,,,,
2098.0,0.0,T1,T145,,,
2099.0,0.0,T1,,,,
2100.0,0.0,,,,,
2101.0,0.0,T1,T145,,,
2103.0,0.0,T3,T1,T145,,
2104.0,0.0,T1,,,,
2106.0,0.0,T1,T145,,,
2107.0,0.0,,,,,
2110.0,0.0,T1,,,,
2114.0,0.0,,,,,
2116.0,0.0,T3,T1,T145,,
2120.0,0.0,,,,,
2122.0,0.0,T3,T1,T145,,
2123.0,0.0,,,,,
2124.0,0.0,T5,T1,T3,T145,
2126.0,0.0,T1,,,,
2127.0,0.0,T1,T145,,,
2128.0,0.0,T1,T143,,,
2131.0,0.0,T3,T1,T145,,
2132.0,0.0,T1,,,,
2133.0,0.0,T1,T145,,,
2135.0,0.0,T3,T1,T145,,
2139.0,0.0,T1,,,,
2140.0,0.0,,,,,
2141.0,0.0,T1,,,,
2143.0,0.0,T1,,,,
2145.0,0.0,T1,,,,
2146.0,0.0,T1,T145,,,
2148.0,0.0,T1,,,,
2149.0,0.0,T1,,,,
2150.0,0.0,T3,T1,,,
2151.0,0.0,,,,,
2152.0,0.0,T1,,,,
2153.0,0.0,,,,,
2155.0,0.0,,,,,
2157.0,0.0,,,,,
2160.0,0.0,,,,,
2162.0,0.0,T3,T1,T145,,
2163.0,0.0,T1,,,,
2164.0,0.0,,,,,
2165.0,0.0,T1,,,,
2166.0,0.0,,,,,
2168.0,0.0,T1,T145,,,
2169.0,0.0,T3,T1,T145,,
2171.0,0.0,T1,T145,,,
2172.0,0.0,T1,,,,
2175.0,0.0,T3,T1,T145,,
2176.0,0.0,T1,,,,
2178.0,0.0,,,,,
2179.0,0.0,T1,,,,
2181.0,0.0,T1,,,,
2184.0,0.0,T1,,,,
2188.0,0.0,T1,,,,
2189.0,0.0,T1,,,,
2191.0,0.0,T1,,,,
2192.0,0.0,T3,T1,T145,,
2193.0,0.0,T1,T65536,,,
2194.0,0.0,,,,,
2195.0,0.0,T1,T143,,,
2196.0,0.0,T1,,,,
2198.0,0.0,T1,,,,
2202.0,0.0,T1,,,,
2203.0,0.0,T3,T1,,,
2204.0,0.0,T1,,,,
2205.0,0.0,T1,T145,,,
2206.0,0.0,,,,,
2208.0,0.0,T3,T1,T145,,
2209.0,0.0,T4,T1,T3,T145,
2214.0,0.0,T1,,,,
2218.0,0.0,T1,,,,
2221.0,0.0,,,,,
2222.0,0.0,T4,T1,T3,T145,
2224.0,0.0,T1,,,,
2225.0,0.0,T1,,,,
2227.0,0.0,,,,,
2228.0,0.0,T3,T1,T145,,
2229.0,0.0,T1,,,,
2230.0,0.0,T1,,,,
2232.0,0.0,T1,,,,
2233.0,0.0,T1,T145,,,
2235.0,0.0,T1,,,,
2236.0,0.0,T3,T1,T145,,
2237.0,0.0,T1,,,,
2238.0,0.0,T1,,,,
2240.0,0.0,T1,T145,,,
2241.0,0.0,T1,,,,
2243.0,0.0,T1,,,,
2245.0,0.0,T1,,,,
2246.0,0.0,T1,,,,
2247.0,0.0,,,,,
2248.0,0.0,T1,,,,
2249.0,0.0,T3,T1,T145,,
2251.0,0.0,,,,,
2252.0,0.0,T1,,,,
2257.0,0.0,T1,,,,
2259.0,0.0,T3,T1,T145,,
2260.0,0.0,T1,,,,
2263.0,0.0,T3,T1,T145,,
2270.0,0.0,T2,T1,T3,T145,
2271.0,0.0,T3,T1,T145,,
2273.0,0.0,T1,,,,
2274.0,0.0,T4,T1,T3,T145,
2278.0,0.0,T1,,,,
2279.0,0.0,T1,,,,
2280.0,0.0,T4,T1,T3,T145,
2282.0,0.0,,,,,
2287.0,0.0,T1,,,,
2290.0,0.0,,,,,
2294.0,0.0,T1,,,,
2298.0,0.0,T3,T1,T145,,
2299.0,0.0,T3,T1,T145,,
2300.0,0.0,,,,,
2301.0,0.0,T1,,,,
2302.0,0.0,T4,T1,T3,T143,
2304.0,0.0,T1,,,,
2308.0,0.0,T1,,,,
2309.0,0.0,T3,T1,T145,,
2310.0,0.0,T3,T1,T145,,
2311.0,0.0,T1,,,,
2312.0,0.0,T1,,,,
2313.0,0.0,T1,,,,
2314.0,0.0,T3,T1,T145,,
2318.0,0.0,T4,T1,T3,T145,T512
2321.0,0.0,,,,,
2322.0,0.0,T1,,,,
2328.0,0.0,T1,,,,
2331.0,0.0,T1,T145,,,
2332.0,0.0,T4,T1,T3,T145,
2334.0,0.0,,,,,
2339.0,0.0,T1,,,,
2340.0,0.0,T4,T1,T3,T145,
2342.0,0.0,T3,T1,T145,,
2343.0,0.0,T4,T1,T3,T145,
2344.0,0.0,T1,,,,
2346.0,0.0,,,,,
2347.0,1.0,,,,,
2348.0,0.0,T4,T1,T3,T145,
2349.0,0.0,T4,T1,T3,T145,
2350.0,0.0,T1,,,,
2353.0,0.0,T1,,,,
2357.0,0.0,T3,T1,T145,,
2358.0,0.0,,,,,
2360.0,0.0,,,,,
2363.0,0.0,T1,,,,
2364.0,0.0,T1,,,,
2366.0,0.0,,,,,
2368.0,0.0,T1,T145,,,
2369.0,0.0,T1,T145,,,
2370.0,0.0,T1,,,,
2371.0,0.0,T1,,,,
2372.0,0.0,T3,T1,T145,,
2374.0,0.0,T3,T1,T145,,
2378.0,0.0,T3,T1,T145,,
2380.0,0.0,T1,,,,
2384.0,0.0,T3,T1,T145,,
2385.0,0.0,T1,,,,
2386.0,0.0,T1,,,,
2388.0,0.0,T3,T1,T145,,
2389.0,0.0,,,,,
2391.0,0.0,T3,T1,T145,,
2392.0,0.0,T1,,,,
2393.0,0.0,T1,,,,
2394.0,0.0,T1,,,,
2395.0,0.0,T3,T1,,,
2396.0,0.0,T1,,,,
2398.0,0.0,T1,,,,
2400.0,0.0,T1,T4,,,
2402.0,0.0,T1,,,,
2403.0,0.0,T1,,,,
2405.0,0.0,T1,,,,
2406.0,0.0,T1,,,,
2410.0,0.0,T3,T1,T145,T2,
2411.0,0.0,T3,T1,T145,,
2412.0,0.0,,,,,
2414.0,0.0,T1,,,,
2416.0,0.0,T1,,,,
2419.0,0.0,T1,,,,
2421.0,0.0,T3,T1,T145,,
2423.0,0.0,,,,,
2425.0,0.0,T1,T65536,,,
2426.0,0.0,T1,,,,
2429.0,0.0,T1,,,,
2431.0,0.0,,,,,
2432.0,0.0,T1,,,,
2438.0,0.0,T1,,,,
2440.0,0.0,,,,,
2441.0,0.0,T4,T1,T3,T145,
2443.0,0.0,T3,T1,T145,,
2444.0,0.0,T1,,,,
2445.0,0.0,T4,T1,T3,T145,
2447.0,0.0,T4,T1,T3,T145,
2452.0,0.0,T1,,,,
2453.0,0.0,T2,T1,T3,T145,
2454.0,0.0,T1,,,,
2458.0,0.0,T1,,,,
2460.0,0.0,T1,,,,
2461.0,0.0,,,,,
2462.0,0.0,T4,T1,T3,T145,
2463.0,0.0,T1,,,,
2465.0,0.0,T1,,,,
2466.0,0.0,T3,T1,T145,,
2470.0,0.0,,,,,
2472.0,0.0,,,,,
2473.0,0.0,T1,T143,,,
2474.0,0.0,T1,,,,
2481.0,0.0,T1,,,,
2484.0,0.0,,,,,
2485.0,0.0,T3,T1,T145,,
2487.0,0.0,T1,,,,
2488.0,0.0,,,,,
2489.0,0.0,T1,,,,
2493.0,0.0,T1,,,,
2495.0,0.0,T3,T1,T128,,
2496.0,0.0,,,,,
2499.0,0.0,T5,T1,T3,T145,
2500.0,0.0,T5,T1,T3,T145,
2501.0,0.0,T1,,,,
2502.0,0.0,T1,,,,
2504.0,0.0,,,,,
2505.0,0.0,T1,,,,
2510.0,0.0,T3,T1,T145,,
2511.0,0.0,T3,T1,T145,,
2512.0,0.0,,,,,
2513.0,0.0,T3,T1,T145,,
2514.0,0.0,T1,T143,,,
2516.0,0.0,T4,T1,T3,T145,
2518.0,0.0,,,,,
2520.0,0.0,T1,,,,
2521.0,0.0,,,,,
2523.0,0.0,T1,,,,
2525.0,0.0,T5,T1,T3,T145,
2526.0,0.0,T1,T145,,,
2527.0,0.0,T1,,,,
2528.0,0.0,T1,,,,
2533.0,0.0,T1,,,,
2534.0,0.0,T1,,,,
2540.0,0.0,T1,,,,
2542.0,0.0,T3,T1,T145,,
2543.0,0.0,T1,,,,
2545.0,0.0,T3,T1,T145,,
2547.0,0.0,T1,,,,
2548.0,0.0,T1,,,,
2550.0,0.0,T1,,,,
2551.0,0.0,,,,,
2553.0,0.0,T1,,,,
2557.0,0.0,T1,,,,
2558.0,0.0,T1,,,,
2559.0,0.0,T1,,,,
2560.0,0.0,T1,,,,
2561.0,0.0,T1,T143,,,
2563.0,0.0,T1,,,,
2564.0,0.0,,,,,
2565.0,0.0,T1,,,,
2569.0,0.0,T3,T1,T145,,
2571.0,0.0,T3,T1,T145,,
2572.0,0.0,,,,,
2574.0,0.0,T1,,,,
2575.0,0.0,T1,,,,
2583.0,0.0,,,,,
2584.0,0.0,T3,T1,T145,,
2585.0,0.0,T1,,,,
2589.0,0.0,T1,T145,,,
2590.0,0.0,,,,,
2591.0,0.0,T1,,,,
2592.0,0.0,,,,,
2594.0,0.0,,,,,
2596.0,0.0,T1,,,,
2597.0,0.0,T1,,,,
2598.0,0.0,T1,T145,,,
2600.0,0.0,,,,,
2604.0,0.0,T1,,,,
2605.0,0.0,T1,T145,,,
2606.0,0.0,,,,,
2607.0,0.0,T3,T1,,,
2609.0,0.0,T3,T1,T145,,
2610.0,0.0,T1,,,,
2611.0,0.0,T1,,,,
2615.0,0.0,T1,,,,
2616.0,0.0,T1,,,,
2621.0,0.0,T3,T1,T145,,
2623.0,0.0,T1,,,,
2624.0,0.0,T1,,,,
2627.0,0.0,T1,T145,,,
2628.0,0.0,T2,T1,T3,T145,
2630.0,0.0,T1,T145,,,
2631.0,0.0,T1,,,,
2633.0,0.0,T1,,,,
2635.0,0.0,,,,,
2636.0,0.0,T1,T145,,,
2638.0,0.0,T1,,,,
2639.0,0.0,T3,T1,T145,,
2640.0,0.0,T1,T145,,,
2648.0,0.0,T1,,,,
2649.0,0.0,T1,,,,
2654.0,0.0,T1,T145,,,
2655.0,0.0,T1,,,,
2657.0,0.0,,,,,
2660.0,0.0,T1,,,,
2662.0,0.0,,,,,
2666.0,0.0,T1,,,,
2668.0,0.0,T1,,,,
2669.0,0.0,T1,,,,
2670.0,0.0,T4,T1,T3,T145,
2671.0,0.0,T3,T1,T145,,
2673.0,0.0,,,,,
2674.0,0.0,,,,,
2677.0,0.0,T1,,,,
2679.0,0.0,,,,,
2681.0,0.0,T1,,,,
2685.0,0.0,T1,,,,
2691.0,0.0,T1,,,,
2692.0,0.0,T1,,,,
2693.0,0.0,T1,,,,
2694.0,0.0,,,,,
2697.0,0.0,,,,,
2698.0,0.0,,,,,
2703.0,0.0,,,,,
2704.0,0.0,T1,,,,
2706.0,0.0,T1,,,,
2707.0,0.0,T1,,,,
2709.0,0.0,T1,,,,
2710.0,0.0,T1,,,,
2712.0,0.0,T1,,,,
2719.0,0.0,,,,,
2720.0,0.0,T1,,,,
2722.0,0.0,,,,,
2723.0,0.0,,,,,
2724.0,0.0,T1,T143,,,
2725.0,0.0,T1,,,,
2729.0,0.0,,,,,
2732.0,0.0,T1,,,,
2735.0,0.0,T1,T143,,,
2739.0,0.0,T1,,,,
2742.0,0.0,,,,,
2745.0,0.0,,,,,
2746.0,0.0,,,,,
2748.0,0.0,,,,,
2749.0,0.0,T1,,,,
2751.0,0.0,T1,T145,,,
2753.0,0.0,T4,T1,T3,T145,
2754.0,0.0,,,,,
2755.0,0.0,,,,,
2756.0,0.0,,,,,
2758.0,0.0,T1,,,,
2762.0,0.0,T3,T1,T145,,
2769.0,0.0,T1,,,,
2774.0,0.0,T1,,,,
2775.0,0.0,T1,,,,
2776.0,0.0,T1,,,,
2777.0,0.0,T3,T1,T145,,
2778.0,0.0,T3,T1,T145,,
2780.0,0.0,T1,,,,
2781.0,0.0,,,,,
2782.0,0.0,T1,,,,
2784.0,0.0,T1,,,,
2785.0,0.0,,,,,
2788.0,0.0,T1,,,,
2791.0,0.0,T3,T1,T145,,
2794.0,0.0,T1,,,,
2796.0,0.0,T1,T128,,,
2797.0,0.0,,,,,
2798.0,0.0,T1,,,,
2799.0,0.0,,,,,
2801.0,0.0,,,,,
2802.0,0.0,T3,T1,,,
2805.0,0.0,T1,,,,
2808.0,0.0,T1,,,,
2809.0,0.0,T1,,,,
2810.0,0.0,T1,,,,
2812.0,0.0,T3,T1,T145,,
2813.0,0.0,T3,T1,T145,,
2814.0,0.0,T5,T1,T3,T145,
2815.0,0.0,T1,T145,,,
2818.0,0.0,,,,,
2819.0,0.0,T1,,,,
2820.0,0.0,T1,,,,
2823.0,0.0,T1,,,,
2824.0,0.0,T1,,,,
2829.0,0.0,T1,,,,
2831.0,0.0,T1,,,,
2833.0,0.0,,,,,
2834.0,0.0,T1,,,,
2837.0,0.0,,,,,
2838.0,0.0,T1,,,,
2841.0,0.0,T1,,,,
2844.0,0.0,T1,,,,
2845.0,0.0,T1,T145,,,
2846.0,0.0,,,,,
2852.0,0.0,,,,,
2853.0,0.0,T1,,,,
2854.0,0.0,T1,,,,
2857.0,0.0,T1,,,,
2859.0,0.0,T1,,,,
2860.0,0.0,T1,,,,
2861.0,0.0,T1,,,,
2863.0,0.0,T3,T1,T145,,
2865.0,0.0,T1,,,,
2867.0,0.0,T1,,,,
2868.0,0.0,T3,T1,T145,,
2869.0,0.0,,,,,
2870.0,0.0,T1,,,,
2873.0,0.0,T1,,,,
2876.0,0.0,,,,,
2878.0,0.0,,,,,
2880.0,0.0,T4,T1,T3,T145,
2882.0,0.0,T3,T1,T145,,
2884.0,0.0,T1,,,,
2888.0,0.0,T3,T1,T145,,
2890.0,0.0,T1,,,,
2891.0,0.0,,,,,
2892.0,0.0,T1,,,,
2897.0,0.0,T3,T1,T145,,
2898.0,0.0,,,,,
2899.0,0.0,T1,,,,
2900.0,0.0,T3,T1,T145,,
2901.0,0.0,T1,,,,
2905.0,0.0,T1,,,,
2907.0,0.0,T1,,,,
2909.0,0.0,T1,,,,
2910.0,0.0,T4,T1,T3,T145,
2911.0,0.0,T1,,,,
2912.0,0.0,T1,,,,
2915.0,0.0,,,,,
2920.0,0.0,T4,T1,T3,T145,
2921.0,0.0,T1,,,,
2925.0,0.0,T1,,,,
2926.0,0.0,T1,,,,
2927.0,0.0,T5,T1,T3,T145,
2928.0,0.0,,,,,
2932.0,0.0,T3,T1,T145,,
2934.0,0.0,T1,,,,
2935.0,0.0,,,,,
2937.0,0.0,T1,,,,
2939.0,0.0,T1,,,,
2940.0,0.0,T3,T1,T2,T145,
2942.0,0.0,T1,T145,,,
2943.0,0.0,T1,,,,
2949.0,0.0,T3,T1,T145,,
2952.0,0.0,T3,T1,T145,,
2953.0,0.0,T1,,,,
2956.0,0.0,T1,,,,
2959.0,0.0,T1,,,,
2964.0,0.0,T1,,,,
2965.0,0.0,T1,,,,
2967.0,0.0,T1,,,,
2968.0,0.0,T1,T145,,,
2969.0,0.0,T1,,,,
2973.0,0.0,T4,T1,T3,T145,
2974.0,0.0,,,,,
2977.0,0.0,T1,,,,
2978.0,0.0,T1,,,,
2979.0,0.0,T3,T1,T145,,
2984.0,0.0,T1,T145,,,
2986.0,0.0,,,,,
2987.0,0.0,,,,,
2989.0,0.0,T4,T1,T3,T145,
2990.0,0.0,T1,T145,,,
2992.0,0.0,T1,T145,,,
2993.0,0.0,,,,,
2994.0,0.0,T1,T145,,,
2997.0,0.0,T1,,,,
2998.0,0.0,T1,,,,
2999.0,0.0,T3,T1,T145,,
3001.0,0.0,,,,,
3002.0,0.0,,,,,
3003.0,0.0,T1,,,,
3005.0,0.0,T1,,,,
3006.0,0.0,T1,,,,
3009.0,0.0,T1,,,,
3010.0,0.0,T4,T1,T3,T145,
3011.0,0.0,T4,T1,T3,T145,
3013.0,0.0,T3,T1,T145,,
3014.0,0.0,T1,,,,
3016.0,0.0,T3,T1,T145,,
3022.0,0.0,T3,T1,T145,,
3025.0,0.0,T1,,,,
3026.0,0.0,T1,,,,
3028.0,0.0,T1,T145,,,
3031.0,0.0,T1,,,,
3035.0,0.0,T1,,,,
3036.0,0.0,T1,,,,
3038.0,0.0,T1,,,,
3040.0,0.0,T1,,,,
3043.0,0.0,,,,,
3044.0,0.0,T1,,,,
3045.0,0.0,T1,,,,
3048.0,0.0,T1,,,,
3049.0,0.0,T1,,,,
3050.0,0.0,T1,,,,
3053.0,0.0,,,,,
3054.0,0.0,T3,T1,T145,,
3055.0,0.0,T3,T1,T145,,
3058.0,0.0,T1,,,,
3064.0,0.0,T1,,,,
3071.0,0.0,T1,,,,
3072.0,0.0,T1,,,,
3073.0,0.0,T3,T1,T145,,
3074.0,0.0,T4,T1,T3,T145,
3075.0,0.0,T1,,,,
3078.0,0.0,,,,,
3081.0,0.0,T1,,,,
3082.0,0.0,,,,,
3084.0,0.0,T2,T1,T3,T145,
3085.0,0.0,T1,,,,
3091.0,0.0,T1,T145,,,
3097.0,0.0,T1,T128,,,
3104.0,0.0,T1,,,,
3106.0,0.0,T1,,,,
3109.0,0.0,,,,,
3112.0,0.0,T1,,,,
3114.0,0.0,T1,,,,
3115.0,0.0,T3,T1,T145,,
3116.0,0.0,T1,,,,
3117.0,0.0,T1,,,,
3118.0,0.0,T1,,,,
3120.0,0.0,T1,,,,
3121.0,0.0,T1,,,,
3122.0,0.0,T1,,,,
3125.0,0.0,T1,,,,
3128.0,0.0,,,,,
3129.0,0.0,T1,,,,
3130.0,0.0,T1,,,,
3135.0,0.0,T3,T1,T145,,
3138.0,0.0,T4,T1,T3,T145,
3139.0,0.0,T1,,,,
3140.0,0.0,T1,,,,
3142.0,0.0,T1,,,,
3143.0,0.0,,,,,
3149.0,0.0,T1,,,,
3153.0,0.0,T1,,,,
3154.0,0.0,,,,,
3155.0,0.0,T1,,,,
3156.0,0.0,T1,,,,
3158.0,0.0,T3,T1,T145,,
3162.0,0.0,,,,,
3163.0,0.0,T3,T1,T143,,
3164.0,0.0,T4,T1,T3,T145,
3167.0,0.0,T1,T145,,,
3170.0,0.0,T4,T1,T3,T145,
3171.0,0.0,T3,T1,T143,,
3175.0,0.0,T1,T145,,,
3176.0,0.0,T3,T1,T145,,
3178.0,0.0,T1,,,,
3180.0,0.0,T3,T1,T145,,
3181.0,0.0,,,,,
3182.0,0.0,,,,,
3184.0,0.0,T1,,,,
3185.0,0.0,T1,,,,
3186.0,0.0,T1,,,,
3187.0,0.0,T1,T145,,,
3191.0,0.0,,,,,
3194.0,0.0,,,,,
3195.0,0.0,,,,,
3197.0,0.0,T3,T1,T145,,
3198.0,0.0,T3,T1,T145,,
3199.0,0.0,T1,T143,,,
3201.0,0.0,,,,,
3202.0,0.0,T1,,,,
3203.0,0.0,T1,,,,
3204.0,0.0,T1,T143,,,
3205.0,0.0,,,,,
3207.0,0.0,T1,,,,
3208.0,0.0,,,,,
3209.0,0.0,T4,T1,T3,T145,
3211.0,0.0,T1,,,,
3212.0,0.0,T3,T1,T143,,
3213.0,0.0,T1,,,,
3214.0,0.0,,,,,
3215.0,0.0,,,,,
3216.0,0.0,T3,T1,T145,,
3218.0,0.0,T1,,,,
3220.0,0.0,T1,T16,,,
3221.0,0.0,T1,T16,,,
3222.0,0.0,T1,,,,
3224.0,0.0,T1,T145,T512,,
3226.0,0.0,T1,,,,
3228.0,0.0,,,,,
3230.0,0.0,,,,,
3232.0,0.0,T3,T1,,,
3234.0,0.0,T2,T1,T3,T145,
3235.0,0.0,,,,,
3239.0,0.0,,,,,
3240.0,0.0,T1,,,,
3243.0,0.0,T1,,,,
3244.0,0.0,,,,,
3248.0,0.0,T1,,,,
3251.0,0.0,T1,,,,
3252.0,0.0,T3,T1,T145,,
3255.0,0.0,T1,,,,
3257.0,0.0,T3,T1,T145,,
3262.0,0.0,T3,T1,,,
3265.0,0.0,T1,T145,,,
3267.0,0.0,T1,T145,,,
3268.0,0.0,T1,,,,
3270.0,0.0,T1,,,,
3271.0,0.0,T1,,,,
3272.0,0.0,T1,,,,
3276.0,0.0,T1,,,,
3277.0,0.0,T1,,,,
3279.0,0.0,T1,,,,
3285.0,0.0,T1,,,,
3286.0,0.0,T1,,,,
3287.0,0.0,T1,,,,
3289.0,0.0,T1,,,,
3297.0,0.0,T1,,,,
3298.0,0.0,T1,T145,,,
3299.0,0.0,,,,,
3301.0,0.0,T3,T1,T145,,
3302.0,0.0,T5,T1,T3,T145,
3303.0,0.0,T1,,,,
3306.0,0.0,,,,,
3307.0,0.0,T4,T1,T3,T145,
3309.0,0.0,T1,,,,
3310.0,0.0,T1,T145,,,
3312.0,0.0,T1,T145,,,
3313.0,0.0,T1,,,,
3314.0,0.0,T1,,,,
3315.0,0.0,,,,,
3316.0,0.0,T1,T143,T4,,
3317.0,0.0,T1,,,,
3320.0,0.0,T1,,,,
3324.0,0.0,,,,,
3325.0,0.0,T1,,,,
3327.0,0.0,T1,,,,
3329.0,0.0,T1,,,,
3330.0,0.0,T3,T1,T145,,
3333.0,0.0,,,,,
3334.0,0.0,,,,,
3335.0,0.0,T1,,,,
3345.0,0.0,,,,,
3346.0,0.0,T1,,,,
3348.0,0.0,T3,T1,T145,,
3349.0,0.0,,,,,
3352.0,0.0,T1,,,,
3353.0,0.0,T1,,,,
3359.0,0.0,T1,T145,,,
3360.0,0.0,T1,,,,
3361.0,0.0,T1,T145,,,
3364.0,0.0,,,,,
3365.0,0.0,T3,T1,T145,,
3367.0,0.0,,,,,
3370.0,0.0,T1,,,,
3371.0,0.0,T1,,,,
3374.0,0.0,T3,T1,,,
3375.0,0.0,T1,,,,
3377.0,0.0,,,,,
3378.0,0.0,T1,,,,
3385.0,0.0,,,,,
3387.0,0.0,T1,,,,
3388.0,0.0,T1,,,,
3392.0,0.0,T1,,,,
3393.0,0.0,T4,T1,T3,T145,
3395.0,0.0,T1,T143,,,
3396.0,0.0,T1,,,,
3397.0,0.0,T3,T1,T145,,
3398.0,0.0,T1,,,,
3399.0,0.0,,,,,
3401.0,0.0,T3,T1,,,
3403.0,0.0,T3,T1,T145,,
3407.0,0.0,,,,,
3409.0,0.0,T1,,,,
3410.0,0.0,T1,,,,
3411.0,0.0,,,,,
3419.0,0.0,T1,,,,
3420.0,0.0,T1,,,,
3421.0,0.0,T1,,,,
3422.0,0.0,T3,T1,T145,,
3423.0,0.0,,,,,
3424.0,0.0,,,,,
3426.0,0.0,,,,,
3428.0,0.0,,,,,
3429.0,0.0,T1,,,,
3430.0,0.0,T1,T143,,,
3434.0,0.0,T1,,,,
3441.0,0.0,T1,,,,
3445.0,0.0,T1,,,,
3448.0,0.0,T1,T145,,,
3451.0,0.0,T1,,,,
3453.0,0.0,T3,T1,T145,T16,
3454.0,0.0,T1,,,,
3457.0,0.0,T1,,,,
3458.0,0.0,T1,,,,
3459.0,0.0,T1,,,,
3460.0,0.0,,,,,
3462.0,0.0,T1,,,,
3464.0,0.0,T3,T1,T145,,
3466.0,0.0,T1,,,,
3469.0,0.0,T1,,,,
3470.0,0.0,T1,,,,
3471.0,0.0,T1,T145,,,
3472.0,0.0,T1,,,,
3474.0,0.0,T1,,,,
3476.0,0.0,,,,,
3481.0,0.0,T3,T1,T145,,
3483.0,0.0,T1,,,,
3484.0,0.0,T3,T1,T145,T16,
3485.0,0.0,T4,T1,T3,T145,
3487.0,0.0,T1,T145,,,
3488.0,0.0,T1,T143,,,
3492.0,0.0,T4,T1,T3,T145,
3494.0,0.0,T1,,,,
3500.0,0.0,T3,T1,T145,,
3501.0,0.0,,,,,
3502.0,0.0,T1,,,,
3506.0,0.0,T3,T1,T145,,
3511.0,0.0,T1,,,,
3512.0,0.0,T3,T1,T145,,
3513.0,0.0,T1,T145,,,
3517.0,0.0,T1,,,,
3518.0,0.0,T1,,,,
3519.0,0.0,T3,T1,T145,,
3521.0,0.0,T1,T145,,,
3522.0,0.0,,,,,
3523.0,0.0,T3,T1,T145,,
3527.0,1.0,T1,,,,
3530.0,0.0,T1,,,,
3532.0,0.0,T1,,,,
3533.0,0.0,,,,,
3538.0,0.0,T1,,,,
3542.0,0.0,T1,T145,,,
3545.0,0.0,T1,T145,,,
3546.0,0.0,T3,T1,T145,,
3550.0,0.0,T1,,,,
3551.0,0.0,T3,T1,T143,,
3552.0,0.0,T3,T1,,,
3554.0,0.0,T1,,,,
3558.0,0.0,,,,,
3559.0,0.0,,,,,
3560.0,0.0,T3,T1,T145,,
3562.0,0.0,T1,,,,
3564.0,0.0,T1,,,,
3565.0,0.0,T1,,,,
3568.0,0.0,T1,,,,
3569.0,0.0,,,,,
3572.0,0.0,T3,T1,T145,,
3574.0,0.0,T1,,,,
3575.0,0.0,T1,T145,T512,,
3579.0,0.0,,,,,
3580.0,0.0,T1,T145,,,
3582.0,0.0,T1,,,,
3583.0,0.0,T1,,,,
3584.0,0.0,T1,T143,,,
3585.0,1.0,T4,T1,T3,T145,
3588.0,0.0,T4,T1,T3,T145,
3589.0,0.0,T1,,,,
3591.0,0.0,T1,,,,
3592.0,0.0,T2,T1,T3,T145,
3597.0,0.0,,,,,
3598.0,0.0,T1,,,,
3599.0,0.0,T4,T1,T3,T145,
3603.0,0.0,,,,,
3604.0,0.0,T1,,,,
3606.0,0.0,T1,,,,
3608.0,0.0,T1,,,,
3610.0,0.0,T3,T1,T145,,
3612.0,0.0,,,,,
3613.0,0.0,T1,,,,
3617.0,0.0,T1,T-2147482816,,,
3619.0,0.0,T1,,,,
3621.0,0.0,T3,T1,,,
3622.0,0.0,T5,T1,T3,T145,
3623.0,0.0,T1,T145,,,
3624.0,0.0,T1,T145,,,
3625.0,0.0,T3,T1,T145,,
3627.0,0.0,T1,,,,
3628.0,0.0,T1,,,,
3629.0,0.0,T3,T1,T145,,
3630.0,0.0,T1,,,,
3631.0,0.0,T1,,,,
3632.0,0.0,T1,,,,
3634.0,0.0,T3,T1,T145,,
3635.0,0.0,T1,,,,
3636.0,0.0,T1,,,,
3639.0,0.0,T1,,,,
3640.0,0.0,T1,T143,,,
3643.0,0.0,,,,,
3644.0,0.0,T1,,,,
3648.0,0.0,T3,T1,T145,,
3649.0,0.0,T3,T1,T145,,
3654.0,0.0,T1,,,,
3666.0,0.0,,,,,
3667.0,0.0,T1,,,,
3669.0,0.0,T1,,,,
3670.0,0.0,,,,,
3671.0,0.0,,,,,
3672.0,0.0,T3,T1,,,
3674.0,0.0,T1,,,,
3677.0,0.0,T3,T1,T145,T128,
3679.0,0.0,T3,T1,T145,,
3680.0,0.0,T1,,,,
3683.0,0.0,T1,T145,,,
3685.0,0.0,,,,,
3689.0,0.0,T1,,,,
3692.0,0.0,T1,,,,
3693.0,0.0,T1,,,,
3694.0,0.0,,,,,
3695.0,0.0,,,,,
3697.0,0.0,T3,T1,T145,,
3698.0,0.0,,,,,
3700.0,0.0,T1,,,,
3701.0,0.0,T1,T145,,,
3702.0,0.0,T4,T1,T3,T145,
3704.0,0.0,T1,,,,
3705.0,0.0,,,,,
3706.0,0.0,T1,,,,
3707.0,0.0,,,,,
3708.0,0.0,T1,,,,
3710.0,0.0,T3,T1,T145,,
3715.0,0.0,T1,,,,
3716.0,0.0,T1,,,,
3720.0,0.0,T1,,,,
3721.0,0.0,T1,,,,
3722.0,0.0,T3,T1,T145,,
3725.0,0.0,,,,,
3728.0,0.0,T1,T145,,,
3729.0,0.0,T1,,,,
3730.0,0.0,T1,,,,
3734.0,0.0,T1,,,,
3736.0,0.0,,,,,
3737.0,0.0,,,,,
3739.0,0.0,T1,,,,
3741.0,0.0,T1,,,,
3742.0,0.0,T3,T1,T145,,
3743.0,0.0,T3,T1,T145,,
3744.0,0.0,,,,,
3749.0,0.0,T1,,,,
3750.0,0.0,T3,T1,T145,,
3752.0,0.0,T1,,,,
3757.0,0.0,T1,,,,
3759.0,0.0,,,,,
3761.0,0.0,T1,,,,
3762.0,0.0,,,,,
3763.0,0.0,T5,T1,T3,,
3764.0,0.0,,,,,
3766.0,0.0,T4,T1,T3,T145,
3768.0,0.0,T3,T1,T145,,
3769.0,0.0,T4,T1,T3,T145,
3771.0,0.0,T4,T1,T3,T145,
3772.0,0.0,T1,,,,
3774.0,0.0,T1,,,,
3775.0,0.0,T5,T1,T3,T145,
3776.0,0.0,T1,T145,,,
3777.0,0.0,T1,,,,
3784.0,0.0,T1,,,,
3785.0,0.0,T3,T1,T145,,
3787.0,0.0,T4,T1,T3,T145,
3789.0,0.0,T4,T1,T3,T145,
3793.0,0.0,T1,T143,,,
3799.0,0.0,T1,T145,,,
3800.0,0.0,T1,,,,
3801.0,0.0,,,,,
3804.0,0.0,T1,,,,
3806.0,0.0,T3,T1,T145,,
3807.0,0.0,T1,,,,
3808.0,0.0,T1,,,,
3813.0,0.0,,,,,
3815.0,0.0,T4,T1,T3,T143,
3817.0,0.0,T1,,,,
3819.0,0.0,T1,,,,
3825.0,0.0,T3,T1,T145,,
3826.0,0.0,T3,T1,T145,,
3827.0,0.0,T3,T1,T145,,
3828.0,0.0,T1,T145,,,
3829.0,0.0,T1,,,,
3830.0,0.0,T1,,,,
3831.0,0.0,T1,,,,
3835.0,0.0,T3,T1,T145,,
3836.0,0.0,,,,,
3837.0,0.0,,,,,
3840.0,0.0,T1,,,,
3841.0,0.0,T1,,,,
3843.0,0.0,T1,,,,
3844.0,0.0,T1,,,,
3846.0,0.0,T1,T145,T128,,
3848.0,0.0,T1,,,,
3851.0,0.0,T1,,,,
3855.0,0.0,T1,,,,
3857.0,0.0,T1,,,,
3859.0,0.0,,,,,
3860.0,0.0,,,,,
3861.0,0.0,T1,,,,
3863.0,0.0,T1,,,,
3865.0,0.0,T1,T143,,,
3867.0,0.0,T1,,,,
3868.0,0.0,,,,,
3874.0,0.0,T5,T1,T3,T145,
3875.0,0.0,,,,,
3876.0,0.0,,,,,
3877.0,0.0,T3,T1,T145,,
3879.0,0.0,T3,T1,T145,,
3880.0,0.0,T3,T1,T143,,
3881.0,0.0,T1,,,,
3883.0,0.0,T1,,,,
3885.0,0.0,,,,,
3886.0,0.0,T1,,,,
3888.0,0.0,T1,,,,
3891.0,0.0,T3,T1,T145,,
3892.0,0.0,T1,,,,
3893.0,0.0,T1,,,,
3894.0,0.0,T1,,,,
3895.0,0.0,T1,,,,
3897.0,0.0,T1,,,,
3899.0,0.0,,,,,
3902.0,0.0,T1,,,,
3904.0,0.0,T1,,,,
3906.0,0.0,T1,T145,,,
3908.0,0.0,T3,T1,T145,,
3911.0,0.0,T1,T143,,,
3913.0,0.0,,,,,
3914.0,0.0,T1,,,,
3916.0,0.0,T1,,,,
3919.0,0.0,T1,,,,
3923.0,0.0,T1,T128,,,
3926.0,0.0,T1,T143,T16,,
3927.0,0.0,T3,T1,T145,,
3928.0,0.0,T1,,,,
3932.0,0.0,T1,T143,,,
3933.0,0.0,T1,,,,
3935.0,0.0,T1,T145,,,
3936.0,0.0,T1,,,,
3937.0,0.0,,,,,
3938.0,0.0,T1,,,,
3939.0,0.0,T1,,,,
3940.0,0.0,T1,,,,
3941.0,0.0,,,,,
3943.0,0.0,,,,,
3944.0,0.0,,,,,
3945.0,0.0,,,,,
3948.0,0.0,T1,T145,,,
3949.0,0.0,T1,,,,
3951.0,0.0,T3,T1,T145,,
3957.0,0.0,T1,T145,,,
3959.0,0.0,T1,T145,,,
3961.0,0.0,,,,,
3964.0,0.0,T1,T16,,,
3966.0,0.0,T1,T145,,,
3967.0,0.0,T1,T145,,,
3968.0,0.0,T3,T1,T145,,
3969.0,0.0,T1,,,,
3970.0,0.0,T1,,,,
3971.0,0.0,,,,,
3977.0,0.0,T1,T145,,,
3980.0,0.0,T1,,,,
3981.0,0.0,T1,,,,
3982.0,0.0,T1,,,,
3983.0,0.0,T1,,,,
3984.0,0.0,T1,,,,
3986.0,0.0,T1,,,,
3989.0,0.0,T1,,,,
3990.0,0.0,T1,T145,,,
3992.0,0.0,T2,T1,T3,T145,
3994.0,0.0,T1,T145,,,
3996.0,0.0,T1,,,,
3997.0,0.0,T3,T1,T145,,
3998.0,0.0,,,,,
3999.0,0.0,T4,T1,T3,T145,
4005.0,0.0,T3,T1,,,
4006.0,0.0,T1,,,,
4007.0,0.0,T1,T145,,,
4009.0,0.0,T1,,,,
4010.0,0.0,T1,,,,
4011.0,0.0,T1,,,,
4015.0,0.0,,,,,
4016.0,0.0,T1,T145,,,
4017.0,0.0,T3,T1,T145,,
4020.0,0.0,T3,T1,T145,,
4021.0,0.0,T1,,,,
4022.0,0.0,T3,T1,T145,,
4024.0,0.0,,,,,
4026.0,0.0,T3,T1,T145,,
4029.0,0.0,T1,,,,
4032.0,0.0,T1,,,,
4033.0,0.0,T3,T1,T145,,
4034.0,0.0,,,,,
4036.0,0.0,T3,T1,T145,,
4038.0,0.0,T1,,,,
4039.0,0.0,T1,,,,
4042.0,0.0,T3,T1,T145,,
4043.0,0.0,T1,T145,,,
4046.0,0.0,T1,,,,
4049.0,0.0,T4,T1,T3,T143,
4052.0,0.0,T1,,,,
4055.0,0.0,T1,,,,
4057.0,0.0,T4,T1,T3,T145,
4058.0,0.0,T3,T1,T145,,
4060.0,0.0,T1,,,,
4061.0,0.0,T1,T2,,,
4062.0,0.0,,,,,
4064.0,0.0,T4,T1,T3,T145,
4065.0,0.0,T1,,,,
4066.0,0.0,T1,,,,
4068.0,0.0,T1,,,,
4069.0,0.0,T1,,,,
4070.0,0.0,T1,,,,
4073.0,0.0,T1,,,,
4077.0,0.0,T1,,,,
4078.0,0.0,T1,,,,
4083.0,0.0,T1,T1372,,,
4084.0,0.0,T5,T1,T3,,
4085.0,0.0,T1,,,,
4087.0,0.0,,,,,
4088.0,0.0,T1,,,,
4090.0,0.0,,,,,
4091.0,0.0,T4,T1,T3,T145,
4093.0,0.0,T1,,,,
4094.0,0.0,T1,,,,
4096.0,0.0,T1,,,,
4098.0,0.0,T1,T145,,,
4100.0,0.0,T2,T1,T3,T145,
4101.0,0.0,T1,,,,
4103.0,0.0,T1,,,,
4104.0,1.0,T1,,,,
4105.0,0.0,T1,,,,
4106.0,0.0,T1,T143,,,
4107.0,0.0,,,,,
4108.0,0.0,T1,,,,
4110.0,0.0,T4,T1,T3,T145,
4113.0,0.0,T1,,,,
4114.0,0.0,T1,,,,
4115.0,0.0,,,,,
4116.0,0.0,T1,T145,,,
4117.0,0.0,T1,,,,
4118.0,0.0,T1,,,,
4119.0,0.0,T4,T1,T3,T145,
4120.0,0.0,T4,T1,T3,T145,
4123.0,0.0,T1,,,,
4125.0,0.0,T1,,,,
4126.0,0.0,T1,,,,
4129.0,0.0,T1,T2,,,
4131.0,0.0,T1,T8,,,
4132.0,0.0,T1,,,,
4136.0,0.0,T1,,,,
4137.0,0.0,T1,,,,
4141.0,0.0,T5,T1,T3,T145,
4142.0,0.0,,,,,
4145.0,0.0,,,,,
4149.0,0.0,T3,T1,T145,,
4150.0,0.0,T1,,,,
4151.0,0.0,T1,,,,
4153.0,0.0,T1,,,,
4156.0,0.0,T1,,,,
4164.0,0.0,T1,,,,
4166.0,0.0,T4,T1,T3,T145,
4169.0,0.0,T1,,,,
4170.0,0.0,T4,T1,T3,,
4171.0,0.0,T4,T1,T3,T145,
4176.0,0.0,,,,,
4177.0,0.0,T1,,,,
4179.0,0.0,T1,,,,
4182.0,0.0,,,,,
4186.0,0.0,,,,,
4188.0,0.0,T3,T1,T145,,
4194.0,0.0,,,,,
4196.0,0.0,T1,,,,
4197.0,0.0,,,,,
4198.0,0.0,T1,,,,
4200.0,0.0,T1,T145,,,
4202.0,0.0,T5,T1,T3,T145,
4205.0,0.0,T4,T1,T3,T145,
4208.0,0.0,T1,,,,
4209.0,0.0,T1,,,,
4211.0,0.0,T4,T1,T3,T145,
4212.0,0.0,T1,,,,
4213.0,0.0,T1,T145,,,
4215.0,0.0,T1,T145,,,
4218.0,0.0,T5,T1,T3,T145,
4222.0,0.0,T3,T1,T145,,
4224.0,0.0,,,,,
4225.0,0.0,T1,,,,
4226.0,0.0,,,,,
4227.0,0.0,T1,,,,
4229.0,0.0,T1,T145,,,
4230.0,0.0,T1,,,,
4231.0,0.0,T1,,,,
4233.0,0.0,T1,,,,
4234.0,0.0,T3,T1,T145,,
4237.0,0.0,T1,,,,
4240.0,0.0,,,,,
4243.0,0.0,T1,,,,
4244.0,0.0,T1,,,,
4247.0,0.0,T3,T1,T145,,
4248.0,0.0,,,,,
4250.0,0.0,T3,T1,T145,,
4251.0,0.0,T1,T143,,,
4252.0,0.0,T1,,,,
4254.0,0.0,T1,,,,
4255.0,0.0,T1,,,,
4257.0,0.0,T4,T1,T3,,
4259.0,0.0,T1,,,,
4260.0,0.0,T1,,,,
4261.0,0.0,,,,,
4263.0,0.0,T3,T1,T145,,
4264.0,0.0,,,,,
4265.0,0.0,T3,T1,T145,,
4266.0,0.0,T1,T143,,,
4267.0,0.0,T1,T143,,,
4269.0,0.0,T1,T143,,,
4271.0,0.0,,,,,
4273.0,0.0,,,,,
4274.0,0.0,T1,,,,
4278.0,0.0,T1,,,,
4279.0,0.0,T1,,,,
4280.0,0.0,,,,,
4282.0,0.0,T1,,,,
4285.0,0.0,T4,T1,T3,T145,
4286.0,0.0,T1,,,,
4287.0,0.0,T4,T1,T3,T145,
4288.0,0.0,,,,,
4289.0,0.0,,,,,
4290.0,0.0,T3,T1,T145,,
4291.0,0.0,T1,,,,
4292.0,0.0,,,,,
4293.0,0.0,,,,,
4296.0,0.0,,,,,
4297.0,0.0,T1,T143,,,
4299.0,0.0,T1,,,,
4300.0,0.0,T1,,,,
4301.0,0.0,T1,,,,
4302.0,0.0,,,,,
4306.0,0.0,T4,T1,T3,,
4308.0,0.0,T1,,,,
4310.0,0.0,T1,,,,
4311.0,0.0,,,,,
4312.0,0.0,T1,,,,
4313.0,0.0,,,,,
4315.0,0.0,T3,T1,T145,,
4316.0,0.0,T1,,,,
4317.0,0.0,T3,T1,T145,,
4319.0,0.0,T1,,,,
4320.0,0.0,T3,T1,T145,,
4322.0,0.0,T1,,,,
4324.0,0.0,,,,,
4329.0,0.0,T3,T1,T145,,
4332.0,0.0,T1,,,,
4334.0,0.0,T1,T145,,,
4335.0,0.0,T1,,,,
4336.0,0.0,T1,,,,
4338.0,0.0,,,,,
4343.0,0.0,T1,T145,,,
4345.0,0.0,T1,,,,
4347.0,0.0,T3,T1,T145,,
4350.0,0.0,,,,,
4352.0,0.0,T4,T1,T3,T145,
4355.0,0.0,T1,,,,
4358.0,0.0,T1,,,,
4359.0,0.0,T5,T1,T3,T145,
4360.0,0.0,T1,,,,
4361.0,0.0,T1,,,,
4362.0,0.0,T1,,,,
4363.0,0.0,,,,,
4365.0,0.0,T1,,,,
4366.0,0.0,T1,T145,,,
4368.0,0.0,T1,,,,
4370.0,0.0,T1,,,,
4372.0,0.0,T1,,,,
4373.0,0.0,T4,T1,T3,T145,
4377.0,0.0,,,,,
4380.0,0.0,,,,,
4382.0,0.0,T2,T1,T3,T145,
4384.0,0.0,T1,,,,
4387.0,0.0,T1,T145,,,
4390.0,0.0,T1,,,,
4391.0,0.0,T1,,,,
4392.0,0.0,T1,,,,
4396.0,0.0,T3,T1,T145,,
4397.0,0.0,T1,,,,
4399.0,0.0,T1,T128,,,
4403.0,0.0,T1,,,,
4404.0,0.0,T1,,,,
4406.0,0.0,T3,T1,T145,,
4408.0,0.0,T3,T1,T145,,
4410.0,0.0,T1,,,,
4413.0,0.0,T1,,,,
4415.0,0.0,T1,,,,
4416.0,0.0,T3,T1,T145,,
4417.0,0.0,T2,T1,T3,T145,
4418.0,0.0,,,,,
4419.0,0.0,T3,T1,T145,,
4420.0,0.0,T1,,,,
4421.0,0.0,T1,T145,,,
4422.0,0.0,T1,T145,,,
4425.0,0.0,,,,,
4426.0,0.0,T4,T1,T3,T145,
4427.0,0.0,T1,,,,
4429.0,0.0,T1,,,,
4430.0,0.0,T1,,,,
4431.0,0.0,T3,T1,T145,,
4432.0,0.0,T1,,,,
4433.0,0.0,T4,T1,T3,T145,
4435.0,0.0,T3,T1,T145,,
4438.0,0.0,T1,,,,
4440.0,0.0,T5,T1,T3,T145,
4442.0,0.0,T1,,,,
4443.0,0.0,T1,,,,
4444.0,0.0,,,,,
4445.0,0.0,,,,,
4446.0,0.0,T3,T1,T145,,
4447.0,0.0,,,,,
4452.0,0.0,T3,T1,T145,,
4453.0,0.0,T1,T145,,,
4455.0,0.0,T4,T1,T3,T145,
4456.0,0.0,T1,,,,
4458.0,0.0,T3,T1,T145,,
4460.0,0.0,T1,,,,
4463.0,0.0,T1,,,,
4466.0,0.0,,,,,
4469.0,0.0,T1,,,,
4472.0,0.0,T3,T1,T145,,
4473.0,0.0,T1,,,,
4474.0,0.0,,,,,
4475.0,0.0,,,,,
4476.0,0.0,,,,,
4478.0,0.0,T1,,,,
4480.0,0.0,T1,,,,
4481.0,0.0,T1,T145,,,
4484.0,0.0,T4,T1,T3,T145,
4487.0,0.0,,,,,
4488.0,0.0,T1,,,,
4494.0,0.0,,,,,
4495.0,0.0,T1,,,,
4496.0,0.0,T3,T1,T145,,
4497.0,0.0,T1,,,,
4499.0,0.0,,,,,
4501.0,0.0,T1,,,,
4506.0,0.0,T1,,,,
4508.0,0.0,,,,,
4509.0,0.0,T3,T1,,,
4512.0,0.0,T1,,,,
4514.0,0.0,,,,,
4518.0,0.0,T1,,,,
4521.0,0.0,T3,T1,T145,,
4523.0,0.0,T3,T1,T145,,
4524.0,0.0,T1,,,,
4528.0,0.0,T1,,,,
4529.0,0.0,T3,T1,T145,,
4531.0,0.0,,,,,
4535.0,0.0,T1,,,,
4536.0,0.0,T1,,,,
4537.0,0.0,T3,T1,T145,,
4538.0,0.0,T1,,,,
4541.0,0.0,,,,,
4542.0,0.0,T3,T1,T145,,
4544.0,0.0,T1,T145,,,
4547.0,0.0,T1,T143,,,
4551.0,0.0,T1,,,,
4555.0,0.0,,,,,
4558.0,0.0,T1,T145,,,
4559.0,0.0,T1,,,,
4560.0,0.0,,,,,
4561.0,0.0,T1,,,,
4565.0,0.0,T1,T145,,,
4566.0,0.0,T3,T1,T145,,
4568.0,0.0,T1,,,,
4573.0,0.0,,,,,
4575.0,0.0,T1,,,,
4577.0,0.0,,,,,
4579.0,0.0,,,,,
4583.0,0.0,T1,,,,
4587.0,0.0,T1,,,,
4589.0,0.0,T1,,,,
4591.0,0.0,,,,,
4595.0,0.0,,,,,
4596.0,0.0,T1,,,,
4597.0,0.0,T1,,,,
4599.0,0.0,T1,T145,,,
4602.0,0.0,,,,,
4603.0,0.0,T4,T1,T3,T145,
4605.0,0.0,T1,,,,
4606.0,0.0,,,,,
4609.0,0.0,T1,,,,
4613.0,0.0,T1,,,,
4615.0,0.0,,,,,
4616.0,0.0,T3,T1,T145,,
4617.0,0.0,T1,,,,
4621.0,0.0,,,,,
4622.0,0.0,,,,,
4623.0,0.0,T1,,,,
4627.0,0.0,,,,,
4628.0,0.0,,,,,
4629.0,0.0,T1,,,,
4630.0,0.0,T4,T1,T3,T145,
4631.0,0.0,,,,,
4633.0,0.0,T1,,,,
4635.0,0.0,T1,,,,
4637.0,0.0,T3,T1,T145,,
4639.0,0.0,T1,,,,
4640.0,0.0,T1,,,,
4641.0,0.0,T3,T1,T145,,
4644.0,0.0,,,,,
4649.0,0.0,T1,,,,
4650.0,0.0,T3,T1,T145,,
4651.0,0.0,T1,,,,
4653.0,0.0,T1,,,,
4654.0,0.0,T3,T1,T145,,
4657.0,0.0,T4,T1,T3,T145,
4658.0,0.0,T3,T1,T145,,
4666.0,0.0,T1,,,,
4668.0,0.0,,,,,
4672.0,0.0,T1,T143,,,
4674.0,0.0,T3,T1,T145,,
4675.0,0.0,T1,,,,
4676.0,0.0,T1,,,,
4677.0,0.0,T3,T1,T145,,
4678.0,0.0,T3,T1,T145,,
4679.0,0.0,,,,,
4680.0,0.0,T3,T1,T145,,
4681.0,0.0,T1,,,,
4683.0,0.0,,,,,
4686.0,0.0,T1,,,,
4687.0,0.0,,,,,
4688.0,0.0,T1,,,,
4689.0,0.0,T5,T1,T3,T145,
4690.0,0.0,,,,,
4691.0,0.0,,,,,
4692.0,0.0,T1,,,,
4695.0,0.0,T1,,,,
4699.0,0.0,T4,T1,T3,T145,
4702.0,0.0,T1,T143,,,
4708.0,0.0,T1,,,,
4709.0,0.0,T3,T1,T145,,
4710.0,0.0,T1,,,,
4711.0,0.0,,,,,
4712.0,0.0,T1,,,,
4713.0,0.0,T1,,,,
4714.0,0.0,T1,,,,
4715.0,0.0,T1,,,,
4718.0,0.0,T1,,,,
4719.0,0.0,T1,T145,,,
4721.0,0.0,T1,,,,
4722.0,0.0,T1,,,,
4723.0,0.0,T3,T1,T145,,
4724.0,0.0,T1,,,,
4726.0,0.0,,,,,
4728.0,0.0,T1,T145,,,
4729.0,0.0,T1,T143,,,
4730.0,0.0,,,,,
4732.0,0.0,,,,,
4733.0,0.0,T1,,,,
4734.0,0.0,,,,,
4736.0,0.0,T1,,,,
4737.0,0.0,T1,,,,
4739.0,0.0,T1,,,,
4746.0,0.0,,,,,
4750.0,0.0,,,,,
4751.0,0.0,T1,,,,
4755.0,0.0,,,,,
4756.0,0.0,T1,,,,
4757.0,0.0,,,,,
4761.0,0.0,T1,,,,
4762.0,0.0,T1,,,,
4765.0,0.0,,,,,
4767.0,0.0,T1,,,,
4768.0,0.0,T5,T1,T3,T145,
4771.0,0.0,T1,,,,
4772.0,0.0,T1,,,,
4773.0,0.0,T1,,,,
4774.0,0.0,T1,,,,
4775.0,0.0,T3,T1,T145,,
4776.0,0.0,T1,,,,
4781.0,0.0,T3,T1,T145,,
4783.0,0.0,,,,,
4784.0,0.0,,,,,
4785.0,0.0,,,,,
4786.0,0.0,,,,,
4787.0,0.0,,,,,
4792.0,0.0,T1,,,,
4794.0,0.0,T1,,,,
4795.0,0.0,,,,,
4797.0,0.0,T1,,,,
4802.0,0.0,T1,,,,
4803.0,0.0,T1,,,,
4804.0,0.0,T2,T1,T3,T145,
4806.0,0.0,T2,T1,T3,T145,
4807.0,0.0,T1,,,,
4809.0,0.0,T1,,,,
4811.0,0.0,T5,T1,T3,T145,
4814.0,0.0,T3,T1,T145,,
4816.0,0.0,T1,,,,
4825.0,0.0,,,,,
4827.0,0.0,T1,T145,,,
4828.0,0.0,T1,,,,
4829.0,0.0,T3,T1,T145,,
4832.0,0.0,T3,T1,T145,,
4833.0,0.0,T3,T1,T145,,
4839.0,0.0,T3,T1,T145,,
4840.0,0.0,T1,,,,
4841.0,0.0,T1,,,,
4842.0,0.0,T3,T1,T145,,
4843.0,0.0,T1,,,,
4845.0,0.0,T3,T1,T145,,
4846.0,0.0,T1,T143,,,
4848.0,0.0,T1,,,,
4855.0,0.0,T1,,,,
4858.0,0.0,T1,,,,
4860.0,0.0,T1,,,,
4862.0,0.0,,,,,
4863.0,0.0,,,,,
4864.0,0.0,T3,T1,T145,,
4866.0,0.0,T1,,,,
4869.0,0.0,,,,,
4870.0,0.0,,,,,
4873.0,0.0,T2,T1,T3,T145,
4875.0,0.0,T1,,,,
4876.0,0.0,,,,,
4877.0,0.0,T1,,,,
4878.0,0.0,T1,T145,,,
4880.0,0.0,T1,T8,,,
4883.0,0.0,T1,T8,,,
4891.0,0.0,T1,,,,
4895.0,0.0,T1,,,,
4896.0,0.0,T1,T145,,,
4897.0,0.0,T5,T1,T3,T145,
4898.0,0.0,T1,T145,,,
4899.0,0.0,T1,,,,
4903.0,0.0,T1,,,,
4904.0,0.0,T1,,,,
4906.0,0.0,T1,,,,
4907.0,0.0,T1,,,,
4909.0,0.0,,,,,
4910.0,0.0,,,,,
4911.0,0.0,T3,T1,T145,,
4916.0,0.0,,,,,
4917.0,0.0,,,,,
4918.0,0.0,T1,,,,
4919.0,0.0,T1,,,,
4921.0,0.0,T1,T145,,,
4922.0,0.0,,,,,
4923.0,0.0,T1,,,,
4930.0,0.0,T1,,,,
4931.0,0.0,T1,,,,
4932.0,0.0,T3,T1,T145,,
4933.0,0.0,T1,,,,
4935.0,0.0,T1,T145,,,
4939.0,0.0,T1,T145,,,
4940.0,0.0,T1,,,,
4941.0,0.0,T1,,,,
4943.0,0.0,T1,,,,
4945.0,0.0,,,,,
4946.0,0.0,T1,,,,
4949.0,0.0,T1,,,,
4953.0,0.0,T4,T1,T3,T145,
4956.0,0.0,,,,,
4957.0,0.0,T1,,,,
4958.0,0.0,T4,T1,T3,T145,
4960.0,0.0,T1,,,,
4961.0,0.0,T1,,,,
4964.0,0.0,T1,,,,
4965.0,0.0,,,,,
4969.0,0.0,T3,T1,T145,,
4973.0,0.0,T1,,,,
4974.0,0.0,T1,,,,
4975.0,0.0,T1,,,,
4978.0,1.0,T5,T1,T3,T145,
4980.0,0.0,T5,T1,T3,T145,
4981.0,0.0,T1,,,,
4984.0,0.0,,,,,
4987.0,0.0,T1,,,,
4988.0,0.0,T4,T1,T3,T145,
4992.0,0.0,T1,,,,
4994.0,0.0,,,,,
4995.0,0.0,T1,,,,
4996.0,0.0,,,,,
4998.0,1.0,T1,,,,
5001.0,0.0,,,,,
5002.0,0.0,T1,,,,
5003.0,0.0,T1,,,,
5008.0,0.0,,,,,
5010.0,0.0,T1,,,,
5011.0,0.0,,,,,
5012.0,0.0,,,,,
5014.0,0.0,,,,,
5015.0,0.0,T1,,,,
5017.0,1.0,T3,T1,T145,T4,
5018.0,1.0,T3,T1,T145,T4,
5019.0,0.0,T3,T1,T145,T4,
5020.0,0.0,T1,,,,
5022.0,0.0,,,,,
5023.0,0.0,,,,,
5025.0,0.0,T1,T145,,,
5026.0,0.0,,,,,
5030.0,0.0,T1,,,,
5031.0,0.0,T1,,,,
5034.0,0.0,,,,,
5036.0,0.0,T3,T1,T145,,
5037.0,0.0,T4,T1,T3,,
5038.0,0.0,,,,,
5039.0,0.0,,,,,
5040.0,0.0,T1,T145,,,
5041.0,0.0,T4,T1,T3,T145,
5042.0,0.0,T1,,,,
5043.0,0.0,T1,,,,
5044.0,0.0,T1,,,,
5046.0,0.0,T1,,,,
5049.0,0.0,T1,T145,,,
5050.0,0.0,,,,,
5051.0,0.0,,,,,
5054.0,0.0,T1,,,,
5056.0,0.0,T1,,,,
5057.0,0.0,T1,,,,
5058.0,0.0,,,,,
5062.0,0.0,T1,,,,
5063.0,0.0,T1,,,,
5065.0,0.0,,,,,
5067.0,0.0,,,,,
5068.0,0.0,T1,T145,,,
5069.0,0.0,T1,T145,,,
5070.0,0.0,T1,,,,
5072.0,0.0,T1,,,,
5073.0,0.0,T1,,,,
5076.0,0.0,T1,,,,
5082.0,0.0,T3,T1,T145,,
5085.0,0.0,T1,,,,
5087.0,0.0,T3,T1,T145,,
5089.0,0.0,T1,,,,
5090.0,0.0,T1,,,,
5091.0,0.0,T5,T1,T3,T145,
5093.0,0.0,T1,T145,,,
5094.0,0.0,T1,,,,
5097.0,0.0,T1,,,,
5101.0,0.0,T1,T8,,,
5102.0,0.0,T1,,,,
5104.0,0.0,,,,,
5105.0,0.0,T1,,,,
5107.0,0.0,T3,T1,T145,,
5109.0,0.0,T1,,,,
5113.0,0.0,T1,,,,
5114.0,0.0,T1,,,,
5118.0,0.0,T1,T145,,,
5119.0,0.0,T1,,,,
5123.0,0.0,T1,,,,
5130.0,0.0,T1,,,,
5131.0,0.0,T1,,,,
5132.0,0.0,T3,T1,T145,,
5136.0,0.0,T1,,,,
5137.0,0.0,,,,,
5138.0,0.0,T1,,,,
5139.0,0.0,T1,T145,,,
5141.0,0.0,T3,T1,T145,,
5143.0,0.0,T3,T1,T145,,
5144.0,0.0,T1,,,,
5148.0,0.0,T4,T1,T3,T145,
5149.0,0.0,T1,T2,,,
5150.0,0.0,T3,T1,T145,,
5151.0,0.0,T1,T143,,,
5154.0,0.0,T1,,,,
5158.0,0.0,T3,T1,T145,,
5162.0,0.0,T1,,,,
5164.0,0.0,,,,,
5169.0,0.0,T1,,,,
5171.0,0.0,,,,,
5172.0,0.0,,,,,
5173.0,0.0,T1,,,,
5174.0,0.0,,,,,
5177.0,1.0,T3,T1,T145,,
5178.0,1.0,T3,T1,T145,,
5179.0,1.0,T3,T1,T145,,
5181.0,0.0,T3,T1,T145,,
5182.0,0.0,T4,T1,T3,,
5183.0,0.0,T1,T145,,,
5184.0,0.0,T1,,,,
5185.0,0.0,,,,,
5186.0,0.0,T1,T145,,,
5187.0,0.0,T1,T143,,,
5189.0,0.0,T1,,,,
5191.0,0.0,T1,,,,
5195.0,0.0,,,,,
5196.0,0.0,T1,,,,
5198.0,0.0,T1,,,,
5199.0,0.0,T1,,,,
5200.0,0.0,T1,,,,
5201.0,0.0,T3,T1,T145,,
5202.0,0.0,T1,,,,
5203.0,0.0,T3,T1,T145,,
5208.0,0.0,T3,T1,T145,,
5209.0,0.0,T4,T1,T3,T145,
5211.0,0.0,T1,T143,T512,,
5212.0,0.0,,,,,
5214.0,0.0,T3,T1,T145,,
5216.0,0.0,T1,,,,
5218.0,0.0,T3,T1,T145,,
5220.0,0.0,T1,,,,
5224.0,0.0,T1,,,,
5227.0,0.0,T1,T256,,,
5229.0,0.0,T1,T145,,,
5231.0,0.0,T1,,,,
5232.0,0.0,,,,,
5234.0,0.0,T1,,,,
5235.0,0.0,T1,T145,,,
5237.0,0.0,,,,,
5238.0,0.0,T1,,,,
5240.0,0.0,T1,,,,
5241.0,0.0,T1,,,,
5242.0,0.0,T4,T1,T3,,
5243.0,0.0,T1,T145,,,
5244.0,0.0,T3,T1,T145,,
5245.0,0.0,T1,,,,
5246.0,0.0,T1,,,,
5250.0,0.0,T1,,,,
5251.0,0.0,T1,,,,
5256.0,0.0,T1,,,,
5257.0,0.0,T4,T1,T3,T145,
5258.0,0.0,T1,,,,
5259.0,0.0,T3,T1,T145,,
5261.0,0.0,T3,T1,T145,,
5263.0,0.0,T1,,,,
5266.0,0.0,,,,,
5267.0,0.0,T1,,,,
5269.0,0.0,T1,,,,
5270.0,0.0,,,,,
5273.0,0.0,T1,,,,
5275.0,0.0,T1,,,,
5276.0,0.0,T1,T145,,,
5277.0,0.0,T1,T145,,,
5280.0,0.0,T1,,,,
5281.0,0.0,T3,T1,T145,,
5282.0,0.0,T1,,,,
5287.0,0.0,T4,T1,T3,T145,
5290.0,0.0,T1,,,,
5291.0,0.0,T1,,,,
5292.0,0.0,T4,T1,T3,T145,
5293.0,0.0,,,,,
5294.0,0.0,T1,,,,
5296.0,0.0,T1,,,,
5298.0,0.0,T4,T1,T3,T145,
5299.0,0.0,T3,T1,T143,,
5301.0,0.0,T1,T145,,,
5304.0,0.0,T3,T1,T145,,
5307.0,0.0,T1,,,,
5308.0,0.0,T5,T1,T3,T145,
5309.0,0.0,T1,,,,
5312.0,0.0,T1,,,,
5318.0,0.0,T1,,,,
5320.0,0.0,,,,,
5321.0,0.0,,,,,
5323.0,0.0,T1,,,,
5324.0,0.0,T1,,,,
5326.0,0.0,,,,,
5329.0,0.0,,,,,
5333.0,0.0,T3,T1,T145,,
5334.0,0.0,T1,,,,
5335.0,0.0,T3,T1,T145,,
5336.0,0.0,,,,,
5339.0,0.0,,,,,
5340.0,0.0,T1,,,,
5341.0,0.0,T1,T145,,,
5342.0,0.0,,,,,
5346.0,0.0,T3,T1,T145,,
5348.0,0.0,,,,,
5349.0,0.0,T1,,,,
5350.0,0.0,T1,T145,,,
5354.0,0.0,,,,,
5355.0,0.0,,,,,
5358.0,0.0,T1,T145,,,
5360.0,0.0,T1,,,,
5362.0,0.0,,,,,
5364.0,0.0,T1,,,,
5366.0,0.0,T3,T1,T145,,
5369.0,0.0,T3,T1,T145,,
5371.0,0.0,T1,,,,
5372.0,0.0,T1,,,,
5373.0,0.0,T1,,,,
5374.0,0.0,T1,,,,
5377.0,0.0,,,,,
5378.0,0.0,T1,,,,
5379.0,0.0,,,,,
5380.0,0.0,T3,T1,T143,,
5385.0,0.0,T3,T1,T145,,
5386.0,0.0,T1,,,,
5387.0,0.0,T1,,,,
5390.0,0.0,T3,T1,T145,,
5391.0,0.0,,,,,
5393.0,0.0,,,,,
5395.0,0.0,,,,,
5396.0,0.0,T3,T1,,,
5397.0,0.0,T3,T1,T145,,
5398.0,0.0,T3,T1,T145,T8,
5399.0,0.0,T1,,,,
5401.0,0.0,T1,,,,
5407.0,0.0,,,,,
5410.0,0.0,T1,T145,,,
5413.0,0.0,,,,,
5415.0,0.0,T1,,,,
5416.0,0.0,T1,,,,
5419.0,0.0,T1,,,,
5421.0,0.0,T3,T1,T145,,
5422.0,0.0,T1,,,,
5423.0,0.0,T4,T1,T3,T145,
5425.0,0.0,T1,,,,
5427.0,0.0,T1,T145,,,
5428.0,0.0,T3,T1,T145,,
5430.0,0.0,T3,T1,T145,,
5431.0,0.0,T1,,,,
5436.0,0.0,T3,T1,T145,,
5437.0,0.0,,,,,
5439.0,0.0,,,,,
5440.0,0.0,T5,T1,T3,T145,
5447.0,0.0,T1,,,,
5449.0,0.0,T3,T1,T145,,
5451.0,0.0,T1,T145,,,
5452.0,0.0,,,,,
5457.0,0.0,T4,T1,T3,T145,
5459.0,0.0,T1,,,,
5461.0,0.0,,,,,
5464.0,0.0,T1,,,,
5465.0,0.0,T1,,,,
5466.0,0.0,,,,,
5468.0,0.0,T1,T145,,,
5471.0,0.0,T1,T145,,,
5474.0,0.0,,,,,
5475.0,0.0,T3,T1,T145,,
5476.0,0.0,T1,,,,
5479.0,0.0,T1,T143,,,
5480.0,0.0,,,,,
5482.0,0.0,T1,,,,
5483.0,0.0,T1,,,,
5485.0,0.0,T1,,,,
5488.0,0.0,T1,,,,
5489.0,0.0,,,,,
5490.0,0.0,T1,,,,
5491.0,0.0,T3,T1,T145,,
5492.0,0.0,T1,,,,
5493.0,0.0,,,,,
5494.0,0.0,T1,T1310,,,
5499.0,0.0,T1,,,,
5500.0,0.0,T1,,,,
5501.0,0.0,T1,T145,,,
5502.0,0.0,T4,T1,T3,T145,
5503.0,0.0,T1,T145,,,
5507.0,0.0,T1,,,,
5508.0,0.0,T1,,,,
5509.0,0.0,T3,T1,,,
5511.0,0.0,T1,,,,
5512.0,0.0,T1,T145,,,
5515.0,0.0,T2,T1,T3,T145,
5516.0,0.0,T1,,,,
5517.0,0.0,T1,,,,
5518.0,0.0,,,,,
5519.0,0.0,T1,,,,
5520.0,0.0,T3,T1,,,
5521.0,0.0,T1,,,,
5522.0,0.0,T1,,,,
5523.0,0.0,,,,,
5524.0,0.0,T1,,,,
5525.0,0.0,T1,T145,,,
5526.0,0.0,,,,,
5530.0,0.0,T3,T1,T145,,
5532.0,0.0,,,,,
5534.0,0.0,T1,,,,
5537.0,0.0,T1,,,,
5541.0,0.0,T1,,,,
5542.0,0.0,T1,,,,
5544.0,0.0,T1,,,,
5545.0,0.0,,,,,
5547.0,0.0,T3,T1,T145,,
5550.0,0.0,T1,T145,,,
5552.0,0.0,T1,T145,,,
5553.0,0.0,,,,,
5554.0,0.0,T1,,,,
5558.0,0.0,,,,,
5560.0,0.0,T1,,,,
5562.0,0.0,,,,,
5566.0,0.0,T4,T1,T3,T145,
5567.0,0.0,T3,T1,T145,,
5568.0,0.0,,,,,
5569.0,0.0,,,,,
5570.0,0.0,T1,,,,
5573.0,0.0,,,,,
5577.0,0.0,T1,,,,
5578.0,0.0,T5,T1,T3,T145,
5579.0,0.0,T1,,,,
5582.0,0.0,,,,,
5583.0,0.0,T1,,,,
5585.0,0.0,T1,T65536,,,
5586.0,0.0,T3,T1,T145,,
5587.0,0.0,,,,,
5589.0,0.0,T3,T1,T145,,
5590.0,0.0,T1,,,,
5591.0,0.0,T1,,,,
5592.0,0.0,,,,,
5593.0,0.0,T1,T145,,,
5594.0,0.0,,,,,
5597.0,0.0,T5,T1,T3,T143,
5600.0,0.0,,,,,
5603.0,0.0,T1,,,,
5605.0,0.0,T1,,,,
5606.0,0.0,T4,T1,T3,T145,
5608.0,0.0,,,,,
5609.0,0.0,,,,,
5610.0,0.0,T5,T1,T3,T145,
5611.0,0.0,T3,T1,T145,,
5615.0,0.0,T1,,,,
5616.0,0.0,T1,T145,,,
5617.0,0.0,T1,,,,
5618.0,0.0,T3,T1,T145,,
5619.0,0.0,T1,,,,
5620.0,0.0,T1,T128,,,
5622.0,0.0,,,,,
5625.0,0.0,T1,,,,
5626.0,0.0,T1,,,,
5627.0,0.0,T1,,,,
5628.0,0.0,T1,T145,,,
5633.0,0.0,T1,,,,
5634.0,0.0,T1,,,,
5635.0,0.0,T1,,,,
5636.0,0.0,T1,,,,
5639.0,0.0,,,,,
5641.0,0.0,T3,T1,T145,,
5642.0,0.0,,,,,
5643.0,0.0,T1,T145,,,
5649.0,0.0,,,,,
5651.0,0.0,,,,,
5653.0,0.0,T1,T143,,,
5656.0,0.0,T1,T145,,,
5660.0,0.0,T3,T1,T145,,
5665.0,0.0,T1,,,,
5666.0,0.0,T3,T1,T145,,
5668.0,0.0,T1,,,,
5672.0,0.0,T1,,,,
5675.0,0.0,T1,,,,
5676.0,0.0,T1,,,,
5678.0,0.0,T1,,,,
5684.0,0.0,T1,,,,
5685.0,0.0,T1,,,,
5686.0,0.0,T1,,,,
5687.0,0.0,T1,T145,,,
5690.0,0.0,T1,T145,,,
5692.0,0.0,,,,,
5693.0,0.0,T1,,,,
5694.0,0.0,T1,T16777557,,,
5695.0,0.0,T1,,,,
5697.0,0.0,,,,,
5699.0,0.0,T1,,,,
5700.0,0.0,T1,,,,
5702.0,0.0,,,,,
5705.0,0.0,T4,T1,T3,,
5707.0,0.0,T1,,,,
5710.0,0.0,T3,T1,T145,,
5711.0,0.0,T1,,,,
5712.0,0.0,,,,,
5713.0,0.0,,,,,
5716.0,0.0,,,,,
5717.0,0.0,T1,,,,
5718.0,0.0,T1,,,,
5719.0,0.0,T1,,,,
5721.0,0.0,T1,,,,
5723.0,0.0,,,,,
5725.0,0.0,,,,,
5728.0,0.0,,,,,
5729.0,0.0,,,,,
5733.0,0.0,T3,T1,T145,,
5734.0,0.0,T1,,,,
5735.0,0.0,T1,,,,
5737.0,0.0,T1,T145,,,
5738.0,0.0,T1,,,,
5739.0,0.0,,,,,
5743.0,0.0,T1,,,,
5745.0,0.0,T1,,,,
5746.0,0.0,T1,,,,
5749.0,0.0,T1,,,,
5756.0,0.0,T1,T145,,,
5757.0,0.0,,,,,
5758.0,0.0,T1,,,,
5760.0,0.0,T1,,,,
5762.0,0.0,T1,,,,
5763.0,0.0,T1,,,,
5764.0,0.0,,,,,
5766.0,0.0,T1,,,,
5769.0,0.0,T1,T143,,,
5770.0,0.0,,,,,
5772.0,0.0,T1,,,,
5774.0,0.0,T4,T1,T3,T145,
5778.0,0.0,T3,T1,T145,T8,
5785.0,0.0,T1,,,,
5787.0,0.0,T1,T145,,,
5790.0,0.0,T1,T145,,,
5792.0,0.0,T3,T1,T145,,
5793.0,0.0,T1,,,,
5794.0,0.0,T1,,,,
5795.0,0.0,T1,,,,
5796.0,0.0,T1,,,,
5797.0,0.0,T1,,,,
5799.0,0.0,T1,T8,,,
5800.0,0.0,T4,T1,T3,T145,
5801.0,0.0,,,,,
5802.0,0.0,,,,,
5812.0,0.0,T1,,,,
5816.0,0.0,T1,,,,
5817.0,0.0,T1,,,,
5819.0,0.0,T1,,,,
5823.0,0.0,T1,,,,
5824.0,0.0,,,,,
5825.0,0.0,T1,,,,
5826.0,0.0,,,,,
5831.0,0.0,T1,,,,
5833.0,0.0,,,,,
5835.0,0.0,,,,,
5838.0,0.0,T1,,,,
5839.0,0.0,,,,,
5840.0,0.0,T2,T1,T3,T145,
5841.0,0.0,T3,T1,T145,,
5842.0,0.0,T1,,,,
5844.0,0.0,,,,,
5845.0,0.0,T1,T145,,,
5846.0,0.0,T1,T145,,,
5850.0,0.0,T1,,,,
5851.0,0.0,T1,,,,
5852.0,0.0,T3,T1,T143,,
5856.0,0.0,T3,T1,T145,,
5857.0,0.0,T4,T1,T3,T145,
5858.0,0.0,T1,,,,
5859.0,0.0,T1,,,,
5860.0,0.0,T3,T1,T145,,
5861.0,0.0,T1,,,,
5863.0,0.0,T1,T145,,,
5864.0,0.0,T1,,,,
5871.0,0.0,T1,,,,
5876.0,0.0,T1,,,,
5879.0,0.0,T1,,,,
5881.0,0.0,T3,T1,,,
5882.0,0.0,T3,T1,T145,,
5883.0,0.0,,,,,
5887.0,0.0,T3,T1,,,
5892.0,0.0,T1,,,,
5893.0,0.0,T1,,,,
5897.0,0.0,,,,,
5898.0,0.0,,,,,
5899.0,0.0,,,,,
5906.0,0.0,T1,,,,
5907.0,0.0,T2,T1,T3,T145,
5909.0,0.0,T1,T145,,,
5911.0,0.0,T1,,,,
5912.0,0.0,T1,,,,
5913.0,0.0,T1,,,,
5915.0,0.0,T3,T1,T143,,
5917.0,0.0,T3,T1,T145,,
5919.0,1.0,T1,,,,
5922.0,0.0,T1,,,,
5923.0,0.0,T1,,,,
5926.0,0.0,T1,,,,
5927.0,0.0,T5,T1,T3,T145,
5932.0,0.0,,,,,
5939.0,0.0,T4,T1,T3,T145,
5940.0,0.0,T1,T145,,,
5942.0,0.0,T1,,,,
5951.0,0.0,T1,,,,
5953.0,0.0,T1,,,,
5955.0,0.0,T3,T1,T145,,
5956.0,0.0,T1,T128,,,
5957.0,0.0,T1,,,,
5958.0,0.0,T2,T3,T1,T145,
5959.0,0.0,,,,,
5960.0,0.0,T5,T1,T3,,
5966.0,0.0,,,,,
5967.0,0.0,T4,T1,T3,T145,
5968.0,0.0,T3,T1,T145,,
5970.0,0.0,T1,,,,
5973.0,0.0,T3,T1,T145,,
5974.0,1.0,T2,T1,T3,T145,
5975.0,0.0,T2,T1,T3,T145,
5980.0,0.0,T1,,,,
5988.0,0.0,T1,,,,
5989.0,0.0,T1,,,,
5990.0,0.0,T1,,,,
5994.0,0.0,,,,,
5996.0,0.0,T1,,,,
5997.0,0.0,T1,,,,
5999.0,0.0,T3,T1,T145,,
6000.0,0.0,T3,T1,T145,,
6001.0,0.0,T3,T1,T145,,
6002.0,0.0,,,,,
6003.0,0.0,T3,T1,T145,,
6005.0,0.0,,,,,
6007.0,0.0,T1,,,,
6015.0,0.0,T1,T145,,,
6017.0,0.0,,,,,
6018.0,0.0,,,,,
6019.0,0.0,T1,,,,
6020.0,0.0,T1,,,,
6021.0,0.0,T4,T1,T3,T145,
6024.0,0.0,T1,,,,
6025.0,0.0,T1,,,,
6027.0,0.0,T3,T1,T145,,
6030.0,0.0,T1,T145,,,
6031.0,0.0,T1,,,,
6032.0,0.0,T1,,,,
6039.0,0.0,T1,,,,
6041.0,0.0,T1,T145,,,
6042.0,0.0,T1,T145,,,
6043.0,0.0,T1,,,,
6048.0,0.0,,,,,
6052.0,0.0,T1,,,,
6054.0,0.0,,,,,
6055.0,0.0,T1,,,,
6057.0,0.0,,,,,
6068.0,0.0,T3,T1,T145,,
6069.0,0.0,T3,T1,T145,,
6071.0,0.0,T1,T145,,,
6073.0,0.0,T1,,,,
6076.0,0.0,T1,,,,
6079.0,0.0,T1,,,,
6081.0,0.0,,,,,
6082.0,0.0,T2,T1,T3,T145,
6083.0,0.0,T1,,,,
6084.0,0.0,T1,,,,
6085.0,0.0,T1,T145,,,
6086.0,0.0,T1,,,,
6089.0,0.0,T1,,,,
6092.0,0.0,,,,,
6093.0,0.0,,,,,
6097.0,0.0,T1,,,,
6098.0,0.0,T1,,,,
6100.0,0.0,T1,,,,
6101.0,0.0,T1,,,,
6103.0,0.0,T1,,,,
6104.0,0.0,T3,T1,T145,,
6105.0,0.0,T1,,,,
6106.0,0.0,,,,,
6107.0,0.0,T1,,,,
6108.0,0.0,T1,,,,
6111.0,0.0,T1,,,,
6112.0,0.0,T1,,,,
6114.0,0.0,T1,,,,
6115.0,0.0,,,,,
6117.0,0.0,T5,T1,T3,T145,
6118.0,0.0,,,,,
6124.0,0.0,T1,,,,
6127.0,0.0,T1,,,,
6128.0,0.0,T1,,,,
6129.0,0.0,T1,,,,
6132.0,0.0,T1,,,,
6135.0,0.0,T1,,,,
6137.0,0.0,,,,,
6139.0,0.0,T1,,,,
6141.0,0.0,T1,,,,
6144.0,0.0,,,,,
6146.0,0.0,T1,,,,
6148.0,0.0,T3,T1,T145,,
6150.0,0.0,T3,T1,T145,,
6151.0,0.0,T1,T145,,,
6155.0,0.0,T1,,,,
6156.0,0.0,T1,,,,
6159.0,0.0,T1,T145,,,
6160.0,0.0,T3,T1,,,
6161.0,0.0,T1,,,,
6163.0,0.0,,,,,
6164.0,0.0,T1,,,,
6167.0,0.0,T1,,,,
6169.0,0.0,,,,,
6172.0,0.0,T3,T1,T145,,
6173.0,0.0,T3,T1,T145,,
6175.0,0.0,,,,,
6176.0,0.0,,,,,
6177.0,0.0,T1,,,,
6178.0,0.0,T1,,,,
6181.0,0.0,T1,,,,
6182.0,0.0,T1,T145,,,
6183.0,0.0,T1,T145,,,
6185.0,0.0,T1,,,,
6192.0,0.0,,,,,
6193.0,0.0,T1,,,,
6196.0,0.0,T1,T145,,,
6199.0,0.0,T1,,,,
6200.0,0.0,T3,T1,T145,,
6203.0,0.0,,,,,
6204.0,0.0,T1,,,,
6206.0,0.0,,,,,
6209.0,0.0,T1,,,,
6210.0,0.0,T3,T1,T145,,
6213.0,0.0,,,,,
6214.0,0.0,T3,T1,T145,,
6218.0,0.0,T1,,,,
6219.0,0.0,T1,,,,
6221.0,0.0,,,,,
6224.0,0.0,T1,,,,
6225.0,0.0,,,,,
6230.0,0.0,,,,,
6231.0,0.0,T3,T1,T145,,
6232.0,0.0,T3,T1,T145,,
6233.0,0.0,T1,,,,
6234.0,0.0,,,,,
6238.0,0.0,T1,T143,,,
6241.0,0.0,T1,,,,
6242.0,0.0,T2,T1,T3,T145,
6243.0,0.0,T3,T1,T145,,
6246.0,0.0,T1,,,,
6247.0,0.0,T1,,,,
6248.0,0.0,T1,,,,
6249.0,0.0,,,,,
6254.0,0.0,T1,,,,
6256.0,0.0,T4,T1,T3,T145,
6257.0,0.0,T1,T145,,,
6258.0,0.0,T3,T1,T145,,
6261.0,0.0,T1,,,,
6262.0,0.0,,,,,
6264.0,0.0,T1,T145,,,
6266.0,0.0,T1,,,,
6271.0,0.0,T1,,,,
6272.0,0.0,T3,T1,,,
6274.0,0.0,T4,T1,T3,T145,
6276.0,0.0,T3,T1,T145,,
6279.0,0.0,T1,,,,
6281.0,0.0,T1,,,,
6282.0,0.0,,,,,
6284.0,0.0,,,,,
6285.0,0.0,,,,,
6287.0,0.0,T1,,,,
6290.0,0.0,,,,,
6291.0,0.0,T1,,,,
6294.0,0.0,T1,,,,
6295.0,0.0,T5,T1,T3,T145,
6296.0,0.0,T5,T1,T3,T145,
6297.0,0.0,T1,,,,
6298.0,0.0,T1,,,,
6303.0,0.0,T1,,,,
6304.0,0.0,T1,,,,
6305.0,0.0,T3,T1,T145,,
6306.0,0.0,,,,,
6310.0,1.0,T1,,,,
6311.0,0.0,,,,,
6312.0,0.0,,,,,
6315.0,0.0,,,,,
6319.0,0.0,T3,T1,T145,,
6320.0,0.0,T1,,,,
6321.0,0.0,,,,,
6322.0,0.0,T3,T1,T145,,
6324.0,0.0,T4,T1,T3,,
6328.0,0.0,T1,,,,
6330.0,0.0,T3,T1,T145,,
6331.0,0.0,T1,,,,
6333.0,0.0,T1,,,,
6334.0,0.0,T1,,,,
6335.0,0.0,T3,T1,T145,,
6336.0,0.0,T1,T145,,,
6338.0,0.0,T1,,,,
6339.0,0.0,T1,,,,
6340.0,0.0,,,,,
6342.0,0.0,T1,,,,
6343.0,0.0,T1,,,,
6347.0,0.0,T3,T1,,,
6349.0,0.0,T1,,,,
6350.0,0.0,T4,T1,T3,T145,
6352.0,0.0,T1,,,,
6355.0,0.0,,,,,
6356.0,0.0,T1,,,,
6357.0,0.0,T3,T1,T145,,
6359.0,0.0,T4,T1,T3,T145,
6360.0,0.0,T1,,,,
6363.0,0.0,T1,,,,
6364.0,0.0,T1,,,,
6370.0,0.0,T1,,,,
6371.0,0.0,T1,T145,,,
6378.0,0.0,,,,,
6380.0,0.0,T1,,,,
6382.0,0.0,T1,,,,
6383.0,0.0,T1,,,,
6384.0,0.0,T1,,,,
6385.0,0.0,T1,T143,,,
6387.0,0.0,T1,,,,
6389.0,0.0,T5,T1,T3,T145,
6390.0,0.0,T6,T1,T3,T145,
6391.0,0.0,T7,T1,T3,T145,
6392.0,0.0,,,,,
6393.0,0.0,T1,,,,
6394.0,0.0,T3,T1,T145,,
6396.0,0.0,,,,,
6398.0,0.0,T1,T2,,,
6400.0,0.0,T1,,,,
6403.0,0.0,T1,,,,
6407.0,0.0,T3,T1,T145,,
6408.0,0.0,,,,,
6409.0,0.0,,,,,
6410.0,0.0,T1,,,,
6411.0,0.0,T1,,,,
6413.0,0.0,T1,,,,
6415.0,0.0,T4,T1,T3,T145,
6416.0,0.0,T4,T1,T3,T145,
6420.0,0.0,T3,T1,T145,,
6423.0,0.0,,,,,
6426.0,0.0,T3,T1,T145,,
6427.0,0.0,T1,,,,
6430.0,0.0,T1,,,,
6433.0,0.0,T4,T1,T3,T145,
6436.0,0.0,T3,T1,T145,,
6441.0,0.0,T1,,,,
6442.0,0.0,T3,T1,T145,,
6444.0,0.0,T3,T1,,,
6447.0,0.0,T1,,,,
6448.0,0.0,T1,,,,
6451.0,0.0,T1,,,,
6453.0,0.0,T1,T128,,,
6455.0,0.0,T1,,,,
6458.0,0.0,T1,,,,
6460.0,0.0,T1,,,,
6463.0,0.0,T3,T1,T145,,
6465.0,0.0,T1,,,,
6466.0,0.0,T3,T1,T145,T128,
6469.0,0.0,T1,,,,
6470.0,0.0,T1,,,,
6475.0,0.0,T1,,,,
6477.0,0.0,T1,,,,
6481.0,0.0,T1,,,,
6483.0,0.0,,,,,
6484.0,0.0,T1,,,,
6486.0,0.0,T1,,,,
6489.0,0.0,,,,,
6490.0,0.0,,,,,
6492.0,0.0,T1,,,,
6493.0,0.0,T1,T145,,,
6496.0,0.0,T1,,,,
6497.0,0.0,T1,,,,
6499.0,0.0,T1,,,,
6500.0,0.0,T1,T145,,,
6501.0,0.0,T1,T128,,,
6502.0,0.0,T4,T1,T3,T145,
6505.0,0.0,T1,T145,,,
6506.0,0.0,T1,,,,
6508.0,0.0,T3,T1,T145,,
6509.0,0.0,T3,T1,T145,,
6511.0,0.0,T3,T1,,,
6513.0,0.0,,,,,
6514.0,0.0,T3,T1,T145,,
6515.0,0.0,T1,T143,,,
6517.0,0.0,T1,,,,
6518.0,0.0,T3,T1,T145,,
6527.0,0.0,T1,T143,,,
6534.0,0.0,,,,,
6535.0,0.0,T1,,,,
6536.0,0.0,T1,,,,
6537.0,0.0,T1,,,,
6538.0,0.0,,,,,
6539.0,0.0,T3,T1,T145,,
6540.0,0.0,T1,,,,
6541.0,0.0,T1,,,,
6545.0,0.0,T1,,,,
6546.0,0.0,T1,,,,
6550.0,0.0,,,,,
6551.0,0.0,T1,,,,
6553.0,0.0,T1,,,,
6555.0,0.0,T3,T1,T145,,
6556.0,0.0,T1,,,,
6558.0,0.0,,,,,
6559.0,0.0,,,,,
6560.0,0.0,T1,T145,,,
6562.0,0.0,T1,,,,
6563.0,0.0,T1,,,,
6564.0,0.0,T1,,,,
6565.0,0.0,T1,,,,
6566.0,0.0,T1,,,,
6570.0,0.0,T1,,,,
6572.0,0.0,T1,,,,
6573.0,0.0,T1,,,,
6576.0,0.0,,,,,
6577.0,0.0,T1,T145,,,
6581.0,0.0,,,,,
6585.0,0.0,T1,,,,
6586.0,0.0,T1,T2,,,
6587.0,0.0,T3,T1,T145,,
6589.0,0.0,T1,,,,
6591.0,0.0,T1,,,,
6593.0,0.0,T1,T143,,,
6594.0,0.0,T1,T145,,,
6595.0,0.0,T1,,,,
6596.0,0.0,T1,,,,
6598.0,0.0,T1,T2,,,
6599.0,0.0,T4,T1,T3,T143,
6600.0,0.0,T1,,,,
6601.0,0.0,T1,,,,
6602.0,0.0,T1,,,,
6603.0,0.0,T3,T1,T145,,
6604.0,0.0,T1,,,,
6610.0,0.0,T1,,,,
6612.0,0.0,T3,T1,,,
6613.0,0.0,T1,,,,
6614.0,0.0,,,,,
6615.0,0.0,T1,,,,
6616.0,0.0,T1,,,,
6618.0,0.0,,,,,
6619.0,0.0,T1,T145,,,
6620.0,0.0,T3,T1,T145,,
6621.0,0.0,T5,T1,T3,T143,
6623.0,0.0,T3,T1,T145,,
6626.0,0.0,T1,T145,,,
6627.0,0.0,T1,,,,
6628.0,0.0,T1,,,,
6632.0,0.0,T1,,,,
6634.0,0.0,T1,,,,
6635.0,0.0,T1,T145,,,
6636.0,0.0,T1,,,,
6637.0,0.0,T1,,,,
6638.0,0.0,,,,,
6639.0,0.0,,,,,
6641.0,0.0,T1,T128,,,
6643.0,0.0,,,,,
6646.0,0.0,T1,T145,,,
6648.0,0.0,T1,,,,
6650.0,0.0,T1,,,,
6653.0,0.0,T1,,,,
6654.0,0.0,,,,,
6655.0,0.0,T1,,,,
6660.0,0.0,,,,,
6662.0,0.0,T1,,,,
6663.0,0.0,,,,,
6665.0,0.0,,,,,
6667.0,0.0,T1,,,,
6669.0,0.0,T1,,,,
6675.0,0.0,T3,T1,T145,,
6677.0,0.0,T3,T1,T145,,
6678.0,0.0,T1,,,,
6681.0,0.0,T3,T1,T145,,
6683.0,0.0,T1,,,,
6685.0,0.0,,,,,
6686.0,0.0,T1,T145,,,
6689.0,0.0,T1,,,,
6691.0,0.0,T1,,,,
6692.0,0.0,T1,,,,
6693.0,0.0,T1,,,,
6696.0,0.0,T1,,,,
6697.0,0.0,,,,,
6699.0,0.0,T1,,,,
6700.0,0.0,T1,,,,
6704.0,0.0,T1,,,,
6705.0,0.0,,,,,
6706.0,0.0,T1,,,,
6707.0,0.0,T1,,,,
6708.0,0.0,T1,,,,
6709.0,0.0,T3,T1,T2,T145,
6710.0,0.0,,,,,
6711.0,0.0,T1,T143,,,
6713.0,0.0,T4,T1,T3,T145,
6716.0,0.0,,,,,
6718.0,0.0,T1,T143,,,
6719.0,0.0,T1,T143,,,
6721.0,0.0,T3,T1,T145,,
6723.0,0.0,T1,,,,
6724.0,0.0,T3,T1,T145,,
6725.0,0.0,T1,,,,
6726.0,0.0,T3,T1,T145,,
6729.0,0.0,,,,,
6731.0,0.0,T3,T1,T145,,
6732.0,0.0,,,,,
6733.0,0.0,T1,T143,,,
6734.0,0.0,T1,T145,,,
6735.0,0.0,T1,,,,
6737.0,0.0,,,,,
6738.0,0.0,T1,,,,
6739.0,0.0,T1,T145,,,
6740.0,0.0,T1,,,,
6741.0,0.0,T1,,,,
6745.0,0.0,,,,,
6748.0,0.0,T1,,,,
6749.0,0.0,T1,,,,
6750.0,0.0,,,,,
6751.0,0.0,T4,T1,T3,T145,
6752.0,0.0,T1,,,,
6754.0,0.0,T3,T1,T145,,
6755.0,0.0,T1,,,,
6756.0,0.0,T3,T1,T145,,
6758.0,0.0,T1,,,,
6759.0,0.0,T1,,,,
6761.0,0.0,T1,,,,
6766.0,0.0,T1,,,,
6767.0,0.0,T1,,,,
6771.0,0.0,,,,,
6772.0,0.0,,,,,
6773.0,0.0,T1,T145,,,
6774.0,0.0,,,,,
6777.0,0.0,T1,,,,
6778.0,0.0,T1,T145,,,
6779.0,0.0,,,,,
6780.0,0.0,T1,,,,
6781.0,0.0,,,,,
6782.0,0.0,T1,,,,
6783.0,0.0,,,,,
6785.0,0.0,T1,,,,
6789.0,0.0,T1,,,,
6792.0,0.0,T1,,,,
6793.0,0.0,,,,,
6795.0,0.0,T1,,,,
6798.0,0.0,T3,T1,T145,,
6799.0,0.0,T1,,,,
6801.0,0.0,T1,,,,
6802.0,0.0,T1,,,,
6804.0,0.0,,,,,
6806.0,0.0,,,,,
6807.0,0.0,T1,,,,
6808.0,0.0,T1,,,,
6811.0,0.0,T1,,,,
6812.0,0.0,T3,T1,T145,,
6814.0,0.0,T3,T1,T145,,
6817.0,0.0,T3,T1,T145,,
6818.0,0.0,T1,,,,
6819.0,0.0,T1,T143,,,
6820.0,0.0,T1,,,,
6822.0,0.0,T1,,,,
6824.0,0.0,T3,T1,T145,,
6825.0,0.0,T1,,,,
6826.0,0.0,T1,T145,,,
6828.0,0.0,T1,,,,
6829.0,0.0,T4,T1,T3,,
6830.0,0.0,T1,,,,
6831.0,0.0,T1,,,,
6832.0,0.0,T1,,,,
6833.0,0.0,T1,,,,
6835.0,0.0,T3,T1,T145,,
6838.0,0.0,T1,,,,
6839.0,0.0,T1,,,,
6840.0,0.0,T1,T143,,,
6841.0,0.0,T1,,,,
6842.0,0.0,T1,,,,
6847.0,0.0,T1,,,,
6849.0,0.0,T1,T143,,,
6850.0,0.0,T1,,,,
6851.0,0.0,T1,T8,,,
6857.0,0.0,T1,,,,
6858.0,0.0,T1,,,,
6859.0,0.0,T1,,,,
6860.0,0.0,T1,,,,
6862.0,0.0,T1,T143,,,
6863.0,0.0,,,,,
6864.0,0.0,T1,,,,
6867.0,0.0,T1,,,,
6870.0,0.0,,,,,
6871.0,0.0,T1,,,,
6875.0,0.0,T3,T1,T145,,
6878.0,0.0,T3,T1,T145,,
6880.0,0.0,,,,,
6881.0,0.0,,,,,
6883.0,0.0,T1,,,,
6884.0,0.0,T1,,,,
6887.0,0.0,T1,,,,
6892.0,0.0,T3,T1,T145,,
6893.0,0.0,T3,T1,,,
6899.0,0.0,,,,,
6902.0,0.0,T1,T145,,,
6903.0,0.0,T1,T145,,,
6905.0,0.0,T1,,,,
6907.0,0.0,T1,T145,,,
6908.0,0.0,T1,,,,
6910.0,0.0,T3,T1,T143,,
6912.0,0.0,T1,,,,
6913.0,0.0,T1,,,,
6915.0,0.0,T1,,,,
6916.0,0.0,T1,,,,
6918.0,0.0,,,,,
6919.0,0.0,T3,T1,T145,,
6920.0,0.0,T1,,,,
6924.0,0.0,T1,,,,
6925.0,0.0,T1,,,,
6928.0,0.0,T1,,,,
6929.0,0.0,T1,,,,
6930.0,0.0,T1,T143,,,
6933.0,0.0,T3,T1,T145,,
6934.0,0.0,T3,T1,T145,,
6936.0,0.0,T1,,,,
6938.0,0.0,T1,T145,,,
6939.0,0.0,T1,,,,
6941.0,0.0,T4,T1,T3,T145,
6943.0,0.0,T1,,,,
6944.0,0.0,T1,,,,
6945.0,0.0,T1,T145,,,
6946.0,0.0,T1,,,,
6949.0,0.0,,,,,
6951.0,0.0,,,,,
6953.0,0.0,T1,T145,,,
6954.0,0.0,T1,,,,
6955.0,0.0,T1,,,,
6961.0,0.0,T3,T1,T145,,
6962.0,0.0,,,,,
6964.0,0.0,,,,,
6965.0,0.0,,,,,
6966.0,0.0,,,,,
6968.0,0.0,T3,T1,T145,,
6973.0,0.0,T1,,,,
6974.0,0.0,T1,,,,
6975.0,0.0,,,,,
6978.0,0.0,T1,,,,
6979.0,0.0,,,,,
6982.0,0.0,,,,,
6984.0,0.0,T1,,,,
6987.0,0.0,,,,,
6988.0,0.0,,,,,
6989.0,0.0,,,,,
6991.0,0.0,T1,,,,
6992.0,0.0,,,,,
6993.0,0.0,T1,,,,
6998.0,0.0,T1,T145,,,
6999.0,0.0,T1,,,,
7000.0,0.0,T1,,,,
7002.0,0.0,T3,T1,,,
7003.0,0.0,T1,,,,
7004.0,0.0,T1,T143,,,
7006.0,0.0,T1,,,,
7007.0,0.0,T1,,,,
7009.0,0.0,T3,T1,T145,,
7012.0,0.0,T1,,,,
7013.0,0.0,T1,,,,
7014.0,0.0,T1,,,,
7015.0,0.0,T4,T1,T3,T145,
7018.0,1.0,T4,T1,T3,,
7019.0,0.0,T4,T1,T3,,
7020.0,0.0,T3,T1,T145,,
7021.0,0.0,T1,,,,
7022.0,0.0,T1,,,,
7024.0,0.0,T4,T1,T3,T145,
7026.0,0.0,,,,,
7027.0,0.0,T1,T143,,,
7029.0,0.0,T3,T1,T145,,
7030.0,0.0,T4,T1,T3,T145,
7031.0,0.0,,,,,
7032.0,0.0,T4,T1,T3,T145,
7034.0,0.0,,,,,
7035.0,0.0,,,,,
7036.0,0.0,T4,T1,T3,T145,
7037.0,0.0,T4,T1,T3,T145,
7038.0,0.0,,,,,
7040.0,0.0,T1,T145,,,
7046.0,0.0,T1,,,,
7048.0,0.0,T1,T145,,,
7049.0,0.0,T1,,,,
7051.0,0.0,T1,T4,T3,T145,
7052.0,0.0,T1,,,,
7054.0,0.0,,,,,
7058.0,0.0,T3,T1,T145,,
7060.0,0.0,T1,,,,
7061.0,0.0,T1,T143,,,
7062.0,0.0,T3,T1,T145,,
7065.0,0.0,T1,,,,
7070.0,0.0,T1,T145,,,
7071.0,0.0,T1,,,,
7074.0,0.0,T2,T1,T3,T145,
7075.0,0.0,T2,T1,T3,T145,
7077.0,0.0,T1,,,,
7079.0,0.0,,,,,
7080.0,0.0,T1,T143,,,
7081.0,0.0,T1,,,,
7085.0,0.0,T3,T1,T145,,
7090.0,0.0,T3,T1,T145,,
7091.0,0.0,T1,,,,
7092.0,0.0,T1,,,,
7093.0,0.0,,,,,
7094.0,0.0,T3,T1,T145,,
7096.0,0.0,T4,T1,T3,T145,
7099.0,0.0,T1,,,,
7100.0,0.0,T1,,,,
7106.0,0.0,T1,,,,
7108.0,0.0,T1,,,,
7110.0,0.0,T1,,,,
7111.0,0.0,T1,,,,
7112.0,0.0,T1,T145,,,
7114.0,0.0,T1,,,,
7115.0,0.0,T1,,,,
7116.0,0.0,,,,,
7117.0,0.0,,,,,
7118.0,0.0,,,,,
7119.0,0.0,,,,,
7122.0,0.0,T1,,,,
7124.0,0.0,T3,T1,T145,,
7125.0,0.0,,,,,
7126.0,0.0,,,,,
7128.0,0.0,T1,,,,
7129.0,0.0,T1,,,,
7133.0,0.0,T1,,,,
7134.0,0.0,T3,T1,T145,,
7135.0,0.0,T2,T3,T1,T145,
7137.0,0.0,T1,,,,
7141.0,0.0,T1,,,,
7144.0,0.0,,,,,
7152.0,0.0,T1,,,,
7154.0,0.0,,,,,
7157.0,0.0,T1,,,,
7158.0,0.0,T1,,,,
7160.0,0.0,T1,,,,
7162.0,0.0,T4,T1,T3,T145,
7163.0,0.0,T1,,,,
7165.0,0.0,T1,T145,,,
7166.0,0.0,T1,,,,
7174.0,0.0,T1,,,,
7176.0,0.0,T1,,,,
7177.0,0.0,T1,,,,
7178.0,0.0,T1,,,,
7181.0,0.0,T3,T1,T145,,
7183.0,0.0,T1,T145,,,
7184.0,0.0,T1,,,,
7187.0,0.0,T3,T1,T145,,
7188.0,0.0,T1,,,,
7190.0,0.0,T1,,,,
7191.0,0.0,T1,,,,
7197.0,0.0,T3,T1,T145,,
7198.0,0.0,,,,,
7201.0,0.0,T1,,,,
7202.0,0.0,T3,T1,T145,,
7208.0,0.0,T5,T1,T3,T145,
7210.0,0.0,T3,T1,T145,,
7212.0,0.0,,,,,
7213.0,0.0,T1,,,,
7214.0,0.0,T1,T145,,,
7215.0,0.0,T1,,,,
7216.0,0.0,T1,,,,
7217.0,0.0,T1,,,,
7218.0,0.0,T3,T1,T145,,
7220.0,0.0,,,,,
7221.0,0.0,,,,,
7223.0,0.0,T1,T143,,,
7228.0,0.0,T5,T1,T3,T145,
7229.0,0.0,T1,,,,
7230.0,0.0,,,,,
7232.0,0.0,T1,,,,
7233.0,0.0,T1,,,,
7240.0,0.0,T1,,,,
7244.0,0.0,,,,,
7245.0,0.0,T3,T1,T145,,
7246.0,0.0,T1,T4,,,
7250.0,0.0,,,,,
7251.0,0.0,,,,,
7252.0,0.0,T1,,,,
7253.0,0.0,T1,T145,,,
7254.0,0.0,T1,,,,
7255.0,0.0,T1,,,,
7256.0,0.0,T1,,,,
7257.0,0.0,,,,,
7258.0,0.0,,,,,
7260.0,0.0,T3,T1,T145,,
7261.0,0.0,T1,,,,
7262.0,0.0,,,,,
7265.0,0.0,T3,T1,T145,,
7267.0,0.0,T1,,,,
7268.0,0.0,,,,,
7269.0,0.0,T1,,,,
7270.0,0.0,T1,,,,
7272.0,0.0,T3,T1,T145,T128,
7273.0,0.0,T1,,,,
7274.0,0.0,T1,,,,
7275.0,0.0,T1,,,,
7276.0,0.0,T1,,,,
7278.0,0.0,T1,T8,,,
7281.0,0.0,T1,T145,,,
7282.0,0.0,,,,,
7283.0,0.0,,,,,
7284.0,0.0,T1,,,,
7285.0,0.0,T4,T1,T3,,
7288.0,0.0,T3,T1,T145,,
7293.0,0.0,,,,,
7294.0,0.0,T1,,,,
7295.0,0.0,T1,,,,
7296.0,0.0,T3,T1,T145,,
7298.0,0.0,T1,T143,,,
7299.0,0.0,T3,T1,T145,,
7300.0,0.0,,,,,
7302.0,0.0,,,,,
7303.0,0.0,T1,T145,T16,,
7304.0,0.0,,,,,
7305.0,0.0,T1,,,,
7306.0,0.0,T1,,,,
7307.0,0.0,T1,,,,
7308.0,0.0,T1,,,,
7309.0,0.0,T1,,,,
7311.0,0.0,,,,,
7314.0,0.0,,,,,
7315.0,0.0,T1,,,,
7318.0,0.0,T1,,,,
7323.0,0.0,T1,T145,,,
7325.0,0.0,T4,T1,T3,T145,
7326.0,0.0,,,,,
7327.0,0.0,T1,,,,
7328.0,0.0,T3,T1,T145,,
7332.0,0.0,T1,,,,
7333.0,0.0,T5,T1,T3,T145,
7334.0,0.0,,,,,
7335.0,0.0,,,,,
7339.0,0.0,T2,T1,T3,T145,
7343.0,0.0,T1,,,,
7346.0,0.0,T1,,,,
7348.0,0.0,T1,,,,
7352.0,0.0,T1,,,,
7353.0,0.0,,,,,
7354.0,0.0,T3,T1,T145,,
7355.0,0.0,,,,,
7356.0,0.0,T1,,,,
7357.0,0.0,T1,,,,
7359.0,0.0,,,,,
7360.0,0.0,T4,T1,T3,T145,
7361.0,0.0,T1,,,,
7362.0,0.0,T3,T1,T145,,
7365.0,0.0,,,,,
7366.0,0.0,T1,,,,
7367.0,0.0,T1,T145,,,
7369.0,0.0,T1,,,,
7370.0,0.0,T5,T1,T3,T145,
7371.0,0.0,T1,T143,,,
7373.0,0.0,T1,,,,
7375.0,0.0,,,,,
7376.0,0.0,T3,T1,T145,,
7377.0,0.0,T4,T1,T3,T145,
7382.0,0.0,T3,T1,T145,,
7383.0,0.0,T1,,,,
7384.0,0.0,T1,,,,
7385.0,0.0,T1,,,,
7386.0,0.0,T1,,,,
7387.0,0.0,,,,,
7391.0,0.0,T1,T145,,,
7393.0,0.0,T1,,,,
7394.0,0.0,T1,,,,
7395.0,0.0,,,,,
7396.0,0.0,T1,,,,
7400.0,0.0,T1,,,,
7401.0,0.0,,,,,
7404.0,0.0,T1,,,,
7406.0,0.0,T1,,,,
7413.0,0.0,T1,,,,
7414.0,1.0,T4,T1,T3,T145,
7415.0,0.0,T4,T1,T3,T145,
7417.0,0.0,T3,T1,,,
7418.0,0.0,T1,,,,
7421.0,0.0,T2,T1,T3,T145,
7423.0,0.0,,,,,
7425.0,0.0,T1,,,,
7428.0,0.0,T1,,,,
7431.0,0.0,,,,,
7432.0,0.0,T1,T145,,,
7433.0,0.0,T1,T143,,,
7434.0,0.0,T5,T1,T3,,
7435.0,0.0,,,,,
7437.0,0.0,,,,,
7440.0,0.0,,,,,
7441.0,0.0,T3,T1,T145,,
7442.0,0.0,T1,,,,
7451.0,0.0,T1,,,,
7452.0,0.0,T1,,,,
7453.0,0.0,T1,,,,
7456.0,0.0,T1,,,,
7457.0,0.0,,,,,
7458.0,0.0,T1,,,,
7461.0,0.0,,,,,
7462.0,0.0,T1,,,,
7463.0,0.0,T1,,,,
7466.0,0.0,T4,T1,T3,T145,
7468.0,0.0,T1,,,,
7470.0,0.0,T1,,,,
7471.0,0.0,T1,T143,,,
7473.0,0.0,,,,,
7475.0,0.0,T1,,,,
7480.0,0.0,T1,,,,
7481.0,0.0,,,,,
7482.0,0.0,T1,T145,,,
7484.0,0.0,T1,T145,,,
7485.0,0.0,T1,T145,,,
7489.0,0.0,T1,,,,
7490.0,0.0,T4,T1,T3,T145,
7492.0,0.0,,,,,
7495.0,0.0,T1,,,,
7497.0,0.0,,,,,
7499.0,0.0,T1,,,,
7502.0,0.0,T1,,,,
7504.0,0.0,T1,,,,
7506.0,0.0,,,,,
7508.0,0.0,T1,,,,
7509.0,0.0,T1,,,,
7510.0,0.0,T1,T145,,,
7512.0,0.0,T1,,,,
7513.0,0.0,T1,,,,
7514.0,0.0,T1,,,,
7515.0,0.0,T1,,,,
7518.0,0.0,T1,,,,
7522.0,0.0,,,,,
7524.0,0.0,T1,,,,
7528.0,0.0,T3,T1,T145,,
7529.0,1.0,,,,,
7531.0,0.0,,,,,
7535.0,0.0,T1,,,,
7538.0,0.0,T1,,,,
7540.0,0.0,T1,,,,
7541.0,0.0,,,,,
7543.0,0.0,T3,T1,T145,,
7546.0,0.0,T1,T145,,,
7551.0,0.0,T1,,,,
7554.0,0.0,T3,T1,,,
7556.0,1.0,,,,,
7558.0,0.0,T1,T143,,,
7561.0,0.0,T1,,,,
7562.0,0.0,T1,,,,
7564.0,0.0,T4,T1,T3,T145,
7566.0,0.0,T1,,,,
7571.0,0.0,T1,,,,
7572.0,0.0,T1,,,,
7573.0,0.0,T1,,,,
7574.0,0.0,T1,T145,,,
7576.0,0.0,T1,T145,,,
7577.0,0.0,,,,,
7579.0,0.0,,,,,
7580.0,0.0,,,,,
7581.0,0.0,T1,,,,
7583.0,0.0,T1,,,,
7589.0,0.0,T1,,,,
7593.0,0.0,T1,,,,
7594.0,0.0,T4,T1,T3,T145,
7595.0,0.0,T3,T1,,,
7596.0,0.0,T1,,,,
7600.0,0.0,T1,,,,
7602.0,0.0,,,,,
7604.0,0.0,T1,,,,
7605.0,0.0,T1,,,,
7610.0,0.0,T3,T1,T145,,
7611.0,0.0,T3,T1,T145,,
7612.0,0.0,T1,,,,
7614.0,0.0,T1,,,,
7619.0,0.0,T1,,,,
7627.0,0.0,,,,,
7628.0,0.0,T1,,,,
7629.0,0.0,T1,,,,
7633.0,0.0,T4,T1,T3,T145,
7634.0,0.0,T1,,,,
7636.0,0.0,T1,,,,
7638.0,0.0,T1,,,,
7640.0,0.0,T1,,,,
7641.0,0.0,T1,,,,
7642.0,0.0,T1,,,,
7644.0,0.0,T1,,,,
7645.0,0.0,T1,T143,,,
7646.0,0.0,T1,T145,,,
7648.0,0.0,T3,T1,T145,,
7649.0,0.0,T4,T1,T3,T145,
7652.0,0.0,T1,,,,
7656.0,0.0,T1,,,,
7657.0,0.0,T3,T1,T145,,
7659.0,0.0,T1,,,,
7661.0,0.0,T1,,,,
7662.0,0.0,T1,,,,
7663.0,0.0,T1,,,,
7668.0,0.0,,,,,
7669.0,0.0,T3,T1,T145,,
7670.0,0.0,,,,,
7671.0,0.0,T1,,,,
7672.0,0.0,T4,T1,T3,T145,
7673.0,0.0,T1,,,,
7678.0,0.0,T1,,,,
7682.0,0.0,T1,T145,,,
7685.0,0.0,T1,,,,
7686.0,0.0,T3,T1,T145,,
7687.0,0.0,,,,,
7689.0,0.0,,,,,
7690.0,0.0,T1,,,,
7696.0,0.0,T1,T145,,,
7700.0,0.0,T1,,,,
7701.0,0.0,,,,,
7702.0,0.0,T1,,,,
7703.0,0.0,T1,,,,
7705.0,0.0,,,,,
7707.0,0.0,T1,,,,
7708.0,0.0,T1,,,,
7709.0,0.0,T1,,,,
7713.0,0.0,T1,,,,
7715.0,0.0,T3,T1,T145,,
7718.0,0.0,T1,T145,,,
7721.0,0.0,T3,T1,T145,,
7727.0,0.0,T1,,,,
7729.0,0.0,,,,,
7730.0,0.0,,,,,
7732.0,0.0,T1,,,,
7734.0,0.0,T1,T145,,,
7737.0,0.0,T1,,,,
7741.0,0.0,T4,T1,T3,,
7742.0,0.0,T1,,,,
7743.0,0.0,,,,,
7744.0,0.0,T3,T1,T145,,
7748.0,0.0,T4,T1,T3,T145,
7750.0,0.0,T1,,,,
7754.0,0.0,T3,T1,,,
7755.0,0.0,T1,,,,
7757.0,0.0,T1,,,,
7759.0,0.0,T5,T1,T3,,
7761.0,0.0,T1,,,,
7762.0,0.0,T1,,,,
7763.0,0.0,T2,T1,T3,T145,
7764.0,0.0,T1,T145,,,
7765.0,0.0,T1,,,,
7768.0,0.0,,,,,
7770.0,0.0,T1,,,,
7772.0,0.0,T1,,,,
7773.0,0.0,T1,,,,
7775.0,0.0,T4,T1,T3,T145,
7780.0,0.0,,,,,
7783.0,0.0,,,,,
7785.0,0.0,T3,T1,T145,,
7789.0,0.0,T3,T1,T145,T512,
7790.0,0.0,,,,,
7791.0,0.0,T1,,,,
7795.0,0.0,T1,,,,
7796.0,0.0,T1,,,,
7806.0,0.0,T1,,,,
7810.0,0.0,T1,,,,
7813.0,0.0,T3,T1,T145,,
7814.0,0.0,T1,,,,
7815.0,0.0,T1,,,,
7818.0,0.0,,,,,
7820.0,0.0,T1,,,,
7823.0,0.0,T3,T1,T145,,
7825.0,0.0,T3,T1,T145,,
7828.0,0.0,T1,,,,
7830.0,0.0,T3,T1,T145,,
7832.0,0.0,T1,,,,
7836.0,0.0,T1,,,,
7839.0,0.0,T3,T1,T145,,
7845.0,0.0,,,,,
7846.0,0.0,T3,T1,,,
7847.0,0.0,T1,,,,
7849.0,0.0,T3,T1,T145,,
7851.0,0.0,T3,T1,T145,,
7852.0,0.0,T3,T1,T145,,
7853.0,0.0,T3,T1,T145,,
7854.0,0.0,T1,,,,
7855.0,0.0,T1,,,,
7859.0,0.0,,,,,
7860.0,0.0,T4,T1,T3,T145,
7861.0,0.0,T1,,,,
7863.0,0.0,T1,,,,
7864.0,0.0,T1,T145,,,
7868.0,0.0,T3,T1,T145,,
7870.0,0.0,T1,,,,
7871.0,0.0,T1,,,,
7872.0,0.0,T1,,,,
7875.0,0.0,,,,,
7877.0,0.0,T1,,,,
7880.0,0.0,T3,T1,T145,,
7881.0,0.0,T4,T1,T3,T145,
7886.0,0.0,T1,,,,
7887.0,0.0,T1,,,,
7888.0,0.0,T1,,,,
7889.0,0.0,T3,T1,T145,,
7893.0,0.0,T1,,,,
7894.0,0.0,T1,T145,,,
7896.0,0.0,T3,T1,T145,,
7897.0,0.0,T1,,,,
7901.0,0.0,T1,,,,
7903.0,0.0,T1,,,,
7905.0,0.0,T1,,,,
7907.0,0.0,T3,T1,T145,,
7910.0,0.0,T1,,,,
7911.0,0.0,T3,T1,T145,,
7912.0,0.0,T1,T8,,,
7913.0,0.0,T3,T1,,,
7916.0,0.0,T1,,,,
7920.0,0.0,T3,T1,T145,,
7922.0,0.0,T1,,,,
7923.0,0.0,T1,,,,
7926.0,0.0,T1,,,,
7927.0,0.0,T1,,,,
7931.0,0.0,,,,,
7933.0,0.0,T3,T1,T145,,
7938.0,0.0,T4,T1,T3,,
7941.0,0.0,T1,,,,
7942.0,0.0,,,,,
7943.0,0.0,,,,,
7944.0,1.0,T1,T16,,,
7945.0,0.0,T1,T16,,,
7947.0,0.0,,,,,
7948.0,0.0,T3,T1,T145,,
7949.0,0.0,T1,,,,
7951.0,0.0,T1,,,,
7953.0,0.0,,,,,
7954.0,0.0,T3,T1,T145,,
7955.0,0.0,T1,,,,
7956.0,0.0,T1,,,,
7964.0,0.0,T1,,,,
7965.0,0.0,T1,,,,
7966.0,0.0,T1,,,,
7969.0,0.0,T3,T1,T143,,
7970.0,0.0,T1,,,,
7971.0,0.0,T4,T1,T3,T145,
7972.0,0.0,T3,T1,T145,,
7973.0,0.0,T1,,,,
7975.0,0.0,T4,T1,T3,T145,
7977.0,0.0,T1,,,,
7978.0,0.0,T3,T1,T145,,
7979.0,0.0,T1,T145,,,
7981.0,0.0,,,,,
7986.0,0.0,T1,,,,
7987.0,0.0,T3,T1,T145,,
7990.0,0.0,T1,,,,
7991.0,0.0,T1,,,,
7994.0,0.0,T1,,,,
7996.0,0.0,T1,,,,
7998.0,0.0,T1,,,,
8000.0,0.0,T1,,,,
8003.0,0.0,T1,,,,
8004.0,0.0,T2,T1,T3,T145,
8006.0,0.0,T1,,,,
8007.0,0.0,T3,T1,T145,,
8009.0,0.0,T1,T145,,,
8010.0,0.0,,,,,
8011.0,0.0,T1,,,,
8015.0,0.0,T1,,,,
8017.0,0.0,T1,,,,
8018.0,0.0,T1,,,,
8019.0,0.0,T3,T1,T145,,
8023.0,0.0,,,,,
8024.0,0.0,T1,,,,
8026.0,0.0,T1,T145,,,
8027.0,0.0,T1,,,,
8030.0,0.0,T1,T143,,,
8031.0,0.0,T1,,,,
8032.0,0.0,T4,T1,T3,T145,
8035.0,0.0,,,,,
8037.0,0.0,T1,T512,,,
8038.0,0.0,T1,,,,
8039.0,0.0,,,,,
8040.0,0.0,T1,,,,
8041.0,0.0,,,,,
8042.0,0.0,T1,,,,
8046.0,0.0,T1,,,,
8048.0,0.0,T1,,,,
8051.0,1.0,T1,T145,,,
8054.0,0.0,T1,,,,
8057.0,0.0,T3,T1,T145,,
8058.0,0.0,T1,,,,
8062.0,0.0,T1,T145,,,
8063.0,0.0,T3,T1,,,
8066.0,0.0,T1,,,,
8068.0,0.0,,,,,
8071.0,0.0,T1,T145,,,
8072.0,0.0,T1,,,,
8074.0,0.0,T1,,,,
8076.0,0.0,T1,T145,,,
8077.0,0.0,T1,T145,,,
8079.0,0.0,T3,T1,T145,,
8080.0,0.0,,,,,
8082.0,0.0,T1,,,,
8084.0,0.0,T1,,,,
8086.0,0.0,T1,,,,
8091.0,0.0,T1,,,,
8092.0,0.0,T3,T1,T145,,
8095.0,0.0,T1,,,,
8097.0,0.0,,,,,
8100.0,0.0,T1,,,,
8101.0,0.0,T1,,,,
8105.0,0.0,T1,,,,
8106.0,0.0,T1,,,,
8109.0,0.0,T1,,,,
8110.0,0.0,,,,,
8111.0,0.0,T1,,,,
8112.0,0.0,T1,,,,
8117.0,0.0,T4,T1,T3,T145,
8118.0,0.0,T1,,,,
8119.0,0.0,T1,T145,,,
8121.0,0.0,T1,,,,
8122.0,0.0,T3,T1,T145,,
8123.0,0.0,T1,,,,
8126.0,0.0,T1,,,,
8128.0,0.0,T1,,,,
8130.0,0.0,T1,,,,
8131.0,0.0,T3,T1,T145,,
8134.0,0.0,T1,,,,
8135.0,0.0,,,,,
8136.0,0.0,T1,,,,
8137.0,0.0,T1,,,,
8138.0,0.0,T3,T1,T145,,
8139.0,0.0,,,,,
8140.0,0.0,T3,T1,T145,,
8142.0,0.0,T1,,,,
8143.0,0.0,T1,T145,,,
8144.0,0.0,T1,,,,
8145.0,0.0,,,,,
8148.0,0.0,,,,,
8150.0,0.0,T3,T1,T145,,
8151.0,0.0,T1,,,,
8152.0,0.0,,,,,
8153.0,0.0,T4,T1,T3,T145,
8156.0,0.0,T3,T1,T145,,
8162.0,0.0,T1,,,,
8163.0,0.0,T1,T145,,,
8165.0,0.0,,,,,
8169.0,0.0,T1,,,,
8171.0,0.0,,,,,
8173.0,0.0,T1,,,,
8176.0,0.0,,,,,
8178.0,0.0,T1,,,,
8179.0,0.0,T1,,,,
8180.0,0.0,,,,,
8185.0,0.0,T1,,,,
8186.0,0.0,T3,T1,T145,,
8188.0,0.0,T3,T1,T145,,
8190.0,0.0,T1,,,,
8193.0,0.0,T4,T1,T3,T145,
8194.0,0.0,T1,,,,
8197.0,0.0,,,,,
8198.0,0.0,T1,,,,
8199.0,0.0,T4,T1,T3,T145,
8200.0,0.0,T1,,,,
8202.0,0.0,T1,,,,
8203.0,0.0,T1,,,,
8204.0,0.0,T1,,,,
8205.0,0.0,T1,,,,
8207.0,0.0,T1,,,,
8208.0,0.0,T3,T1,T143,,
8210.0,0.0,T3,T1,T143,,
8211.0,0.0,T1,,,,
8212.0,0.0,T3,T1,T145,,
8213.0,0.0,T3,T1,T145,,
8216.0,0.0,T1,T145,,,
8218.0,0.0,,,,,
8219.0,0.0,T1,,,,
8220.0,0.0,T3,T1,T145,,
8223.0,0.0,,,,,
8224.0,0.0,T1,,,,
8225.0,0.0,T1,,,,
8226.0,0.0,T3,T1,,,
8228.0,0.0,T1,,,,
8229.0,0.0,T1,,,,
8230.0,0.0,T1,,,,
8231.0,0.0,T1,,,,
8236.0,0.0,,,,,
8238.0,0.0,T1,T145,,,
8239.0,0.0,,,,,
8240.0,0.0,T3,T1,T145,,
8241.0,0.0,T1,T145,,,
8242.0,0.0,,,,,
8244.0,0.0,,,,,
8246.0,0.0,,,,,
8250.0,0.0,T5,T1,T3,T145,
8253.0,0.0,,,,,
8254.0,0.0,,,,,
8256.0,0.0,T1,,,,
8259.0,0.0,T4,T1,T3,,
8262.0,0.0,,,,,
8263.0,0.0,T1,,,,
8264.0,0.0,T1,,,,
8266.0,0.0,T1,,,,
8267.0,0.0,T3,T1,T145,,
8268.0,0.0,T1,,,,
8270.0,0.0,T1,,,,
8273.0,0.0,T1,,,,
8276.0,0.0,T3,T1,T145,,
8279.0,0.0,T1,,,,
8281.0,0.0,T1,,,,
8282.0,0.0,T4,T1,T3,T145,
8284.0,0.0,T1,T143,,,
8285.0,0.0,,,,,
8287.0,0.0,T3,T1,T145,,
8290.0,0.0,,,,,
8292.0,0.0,T3,T1,T145,,
8293.0,0.0,T1,,,,
8294.0,0.0,,,,,
8296.0,0.0,T1,,,,
8298.0,0.0,T1,,,,
8300.0,0.0,T1,,,,
8304.0,0.0,T1,,,,
8305.0,0.0,,,,,
8306.0,0.0,T3,T1,T145,,
8309.0,0.0,T1,,,,
8312.0,0.0,T1,,,,
8313.0,0.0,T1,T145,,,
8314.0,0.0,T1,T145,,,
8318.0,0.0,T5,T1,T3,T145,
8320.0,0.0,T3,T1,T145,,
8321.0,0.0,T1,,,,
8322.0,0.0,T1,,,,
8325.0,0.0,,,,,
8329.0,0.0,T1,,,,
8330.0,0.0,T1,,,,
8331.0,0.0,T3,T1,,,
8332.0,0.0,,,,,
8333.0,0.0,T1,T145,,,
8336.0,0.0,T1,,,,
8338.0,0.0,T1,,,,
8341.0,0.0,T1,,,,
8342.0,0.0,T1,,,,
8343.0,0.0,,,,,
8346.0,0.0,,,,,
8348.0,0.0,T1,,,,
8349.0,0.0,T1,,,,
8350.0,0.0,T3,T1,T145,,
8351.0,0.0,T4,T1,T3,T145,
8352.0,0.0,,,,,
8353.0,0.0,,,,,
8354.0,0.0,T1,,,,
8355.0,0.0,T1,,,,
8356.0,0.0,,,,,
8357.0,0.0,,,,,
8358.0,0.0,T1,T145,,,
8359.0,0.0,T1,,,,
8360.0,0.0,,,,,
8362.0,0.0,T1,,,,
8363.0,0.0,T3,T1,T145,,
8366.0,0.0,T4,T1,T3,T145,
8367.0,0.0,,,,,
8369.0,0.0,,,,,
8373.0,0.0,T1,,,,
8374.0,0.0,T1,,,,
8381.0,0.0,T1,,,,
8385.0,0.0,T1,,,,
8386.0,0.0,T1,,,,
8388.0,0.0,T1,T143,,,
8389.0,1.0,T1,,,,
8392.0,0.0,T1,,,,
8397.0,0.0,T1,,,,
8399.0,0.0,T1,,,,
8402.0,0.0,T1,,,,
8403.0,0.0,T1,,,,
8404.0,0.0,T1,,,,
8406.0,0.0,T1,,,,
8410.0,0.0,T1,,,,
8411.0,0.0,T1,,,,
8412.0,0.0,T1,T145,,,
8413.0,0.0,T3,T1,,,
8414.0,0.0,T3,T1,,,
8415.0,0.0,T3,T1,,,
8416.0,0.0,,,,,
8419.0,0.0,T1,,,,
8420.0,0.0,T1,,,,
8422.0,0.0,T1,,,,
8424.0,0.0,T1,,,,
8425.0,0.0,T1,,,,
8428.0,0.0,,,,,
8429.0,0.0,,,,,
8431.0,0.0,T1,T145,,,
8433.0,0.0,T1,,,,
8437.0,0.0,T1,,,,
8438.0,0.0,T6,T1,T3,T145,
8439.0,0.0,T1,,,,
8440.0,0.0,T1,T143,,,
8441.0,0.0,T3,T1,T145,,
8442.0,0.0,,,,,
8446.0,0.0,T1,,,,
8447.0,0.0,,,,,
8451.0,0.0,T1,,,,
8452.0,0.0,T3,T1,T145,,
8453.0,0.0,T1,,,,
8454.0,0.0,T1,,,,
8455.0,0.0,T1,,,,
8460.0,0.0,T1,T145,,,
8462.0,0.0,T1,T145,,,
8464.0,0.0,T3,T1,T145,,
8465.0,0.0,T1,,,,
8466.0,0.0,T1,,,,
8467.0,0.0,T1,,,,
8468.0,0.0,T1,,,,
8469.0,0.0,T3,T1,T145,,
8471.0,0.0,T1,,,,
8474.0,0.0,T1,,,,
8475.0,0.0,T1,,,,
8482.0,0.0,T1,T145,,,
8483.0,0.0,T3,T1,,,
8485.0,0.0,T4,T1,T3,T145,
8486.0,0.0,T1,,,,
8487.0,0.0,T2,T1,T3,T145,
8489.0,0.0,,,,,
8493.0,0.0,T1,,,,
8494.0,0.0,T1,,,,
8499.0,0.0,,,,,
8500.0,0.0,T3,T1,T145,,
8502.0,0.0,T3,T1,T145,,
8504.0,0.0,T1,,,,
8506.0,0.0,T1,T145,,,
8508.0,0.0,,,,,
8511.0,0.0,T3,T1,T145,,
8512.0,0.0,T1,,,,
8513.0,0.0,T1,T145,,,
8516.0,0.0,T3,T1,,,
8519.0,0.0,T1,,,,
8520.0,0.0,,,,,
8521.0,0.0,T1,,,,
8522.0,0.0,T3,T1,T145,,
8528.0,0.0,T3,T1,T145,,
8529.0,0.0,T1,,,,
8530.0,0.0,T1,,,,
8531.0,0.0,T1,,,,
8532.0,0.0,T1,T145,,,
8533.0,0.0,,,,,
8535.0,0.0,,,,,
8537.0,0.0,T1,,,,
8539.0,0.0,T3,T1,T145,,
8541.0,0.0,T1,,,,
8544.0,0.0,T1,T145,,,
8546.0,0.0,T1,,,,
8547.0,0.0,T1,,,,
8550.0,0.0,T1,,,,
8551.0,0.0,T1,,,,
8553.0,0.0,T1,,,,
8554.0,0.0,,,,,
8555.0,0.0,T1,,,,
8559.0,0.0,T1,,,,
8562.0,0.0,T3,T1,T145,,
8563.0,0.0,T1,T145,,,
8566.0,0.0,T1,,,,
8569.0,0.0,T3,T1,T145,,
8579.0,0.0,T1,,,,
8580.0,0.0,T1,,,,
8581.0,0.0,T1,,,,
8582.0,0.0,T1,,,,
8583.0,0.0,T3,T1,T145,,
8585.0,0.0,T1,,,,
8586.0,0.0,T4,T1,T3,T145,
8590.0,0.0,,,,,
8591.0,0.0,T1,,,,
8593.0,0.0,T1,,,,
8596.0,0.0,T1,T145,,,
8599.0,0.0,T1,T145,,,
8605.0,0.0,T3,T1,T145,,
8606.0,0.0,T3,T1,T145,,
8607.0,0.0,T3,T1,T145,,
8608.0,0.0,,,,,
8609.0,0.0,T1,,,,
8610.0,0.0,,,,,
8612.0,0.0,T3,T1,T145,,
8613.0,0.0,T1,,,,
8614.0,0.0,T3,T1,T145,,
8617.0,0.0,T1,,,,
8618.0,0.0,T1,,,,
8619.0,0.0,T1,,,,
8621.0,0.0,,,,,
8623.0,0.0,T4,T1,T3,T145,
8625.0,0.0,,,,,
8627.0,0.0,T1,T128,,,
8629.0,0.0,,,,,
8630.0,0.0,T1,,,,
8631.0,0.0,,,,,
8632.0,0.0,T5,T1,T3,T145,
8634.0,0.0,T1,,,,
8635.0,0.0,T1,,,,
8637.0,0.0,T1,,,,
8639.0,0.0,T1,,,,
8640.0,0.0,T1,,,,
8642.0,0.0,T1,,,,
8644.0,0.0,T3,T1,T145,,
8645.0,0.0,T4,T1,T3,T145,
8647.0,0.0,T1,T143,,,
8649.0,0.0,T3,T1,T145,,
8652.0,0.0,,,,,
8653.0,0.0,T3,T1,T145,,
8654.0,0.0,,,,,
8655.0,0.0,T3,T1,T145,,
8657.0,0.0,,,,,
8658.0,0.0,T2,T1,T3,T145,
8659.0,0.0,T1,,,,
8661.0,0.0,,,,,
8662.0,0.0,T1,,,,
8663.0,0.0,,,,,
8664.0,0.0,,,,,
8667.0,0.0,T3,T1,T145,,
8668.0,0.0,T1,,,,
8670.0,0.0,,,,,
8671.0,0.0,T1,,,,
8674.0,0.0,T1,T143,,,
8677.0,0.0,,,,,
8679.0,0.0,T1,T145,,,
8681.0,0.0,T1,,,,
8682.0,0.0,T1,,,,
8684.0,0.0,T3,T1,T4,T145,
8685.0,0.0,T3,T1,T145,,
8688.0,0.0,T1,T143,,,
8691.0,0.0,T1,T145,,,
8692.0,0.0,,,,,
8695.0,0.0,T1,,,,
8696.0,0.0,T1,,,,
8704.0,0.0,T1,T145,,,
8705.0,0.0,T1,T145,,,
8706.0,0.0,T1,,,,
8711.0,0.0,T3,T1,T145,,
8712.0,0.0,,,,,
8714.0,0.0,T1,,,,
8717.0,0.0,,,,,
8723.0,0.0,T1,,,,
8733.0,0.0,T5,T1,T3,T145,
8735.0,0.0,T1,T145,,,
8742.0,0.0,,,,,
8743.0,0.0,T1,,,,
8744.0,0.0,T1,,,,
8745.0,0.0,T1,T145,,,
8749.0,0.0,T1,,,,
8750.0,0.0,T1,,,,
8754.0,0.0,T1,,,,
8755.0,0.0,T1,,,,
8757.0,0.0,,,,,
8758.0,0.0,T4,T1,T3,T143,
8760.0,0.0,T1,,,,
8761.0,0.0,T1,,,,
8765.0,0.0,T1,,,,
8769.0,0.0,T3,T1,,,
8770.0,0.0,T1,,,,
8771.0,0.0,T1,T128,,,
8778.0,0.0,T1,,,,
8779.0,0.0,T1,,,,
8782.0,0.0,T3,T1,T145,,
8785.0,0.0,T1,T145,,,
8787.0,0.0,,,,,
8788.0,0.0,T1,,,,
8793.0,0.0,T1,,,,
8795.0,0.0,,,,,
8796.0,0.0,,,,,
8797.0,0.0,T1,T143,,,
8798.0,0.0,T1,T145,,,
8800.0,0.0,T3,T1,T145,,
8801.0,0.0,,,,,
8802.0,0.0,T3,T1,T145,,
8805.0,0.0,,,,,
8806.0,0.0,T3,T1,T145,,
8808.0,0.0,,,,,
8811.0,0.0,T1,T145,,,
8812.0,0.0,T4,T1,T3,T145,
8813.0,0.0,T1,T143,,,
8814.0,0.0,T3,T1,T145,,
8816.0,0.0,T1,,,,
8818.0,0.0,T1,,,,
8819.0,0.0,T1,,,,
8822.0,0.0,T3,T1,T145,,
8823.0,0.0,T3,T1,T145,,
8826.0,0.0,T1,T145,,,
8827.0,0.0,T1,,,,
8828.0,0.0,,,,,
8831.0,0.0,T5,T1,T3,T145,
8832.0,0.0,T1,,,,
8835.0,0.0,T1,,,,
8836.0,0.0,,,,,
8837.0,0.0,T1,,,,
8838.0,0.0,T1,T128,,,
8839.0,0.0,T1,,,,
8841.0,0.0,T1,T143,,,
8842.0,0.0,,,,,
8843.0,0.0,T1,,,,
8845.0,0.0,T4,T1,T3,T145,
8846.0,0.0,T1,,,,
8850.0,0.0,,,,,
8851.0,0.0,T4,T1,T3,T145,
8852.0,0.0,T1,T145,,,
8857.0,0.0,T1,T143,,,
8858.0,0.0,T4,T1,T3,T145,
8859.0,0.0,T4,T1,T3,T145,
8860.0,0.0,T3,T1,T145,,
8861.0,0.0,T1,,,,
8864.0,0.0,T3,T1,T145,,
8866.0,0.0,T1,,,,
8868.0,0.0,,,,,
8872.0,0.0,,,,,
8873.0,0.0,,,,,
8875.0,0.0,,,,,
8878.0,0.0,T5,T1,T3,T145,
8880.0,0.0,T1,,,,
8882.0,0.0,T1,,,,
8884.0,0.0,T1,,,,
8885.0,0.0,,,,,
8886.0,0.0,T1,,,,
8887.0,0.0,T1,,,,
8888.0,0.0,T1,,,,
8890.0,0.0,T3,T1,T145,,
8891.0,0.0,T1,,,,
8893.0,0.0,T1,,,,
8894.0,0.0,T1,,,,
8896.0,0.0,T1,,,,
8897.0,0.0,T3,T1,T145,,
8899.0,0.0,T1,,,,
8901.0,0.0,T1,T145,,,
8902.0,0.0,,,,,
8903.0,0.0,T1,,,,
8905.0,0.0,T1,,,,
8906.0,0.0,T1,,,,
8912.0,0.0,,,,,
8913.0,0.0,,,,,
8914.0,0.0,,,,,
8917.0,0.0,T1,,,,
8918.0,0.0,T1,T128,,,
8919.0,0.0,,,,,
8921.0,0.0,,,,,
8922.0,0.0,,,,,
8923.0,0.0,,,,,
8927.0,0.0,,,,,
8929.0,0.0,T1,,,,
8936.0,0.0,T1,,,,
8938.0,0.0,,,,,
8942.0,0.0,,,,,
8943.0,0.0,T1,,,,
8944.0,0.0,T4,T1,T3,T145,
8949.0,0.0,T1,,,,
8955.0,0.0,T1,,,,
8957.0,0.0,,,,,
8958.0,0.0,T1,,,,
8959.0,0.0,,,,,
8960.0,0.0,T1,,,,
8966.0,0.0,T1,,,,
8970.0,0.0,T1,,,,
8971.0,0.0,T1,,,,
8972.0,0.0,T1,,,,
8974.0,0.0,T1,T143,,,
8975.0,0.0,,,,,
8976.0,0.0,T3,T1,T145,,
8977.0,0.0,T1,,,,
8978.0,0.0,T3,T1,T145,,
8979.0,0.0,T3,T1,T145,,
8981.0,0.0,,,,,
8983.0,0.0,T1,,,,
8988.0,0.0,,,,,
8990.0,0.0,,,,,
8991.0,0.0,T1,,,,
8992.0,0.0,T1,,,,
8993.0,0.0,T1,,,,
8994.0,0.0,T3,T1,T145,,
8995.0,0.0,T1,T143,,,
8999.0,0.0,T1,,,,
9000.0,0.0,,,,,
9001.0,0.0,T4,T1,T3,T145,
9002.0,0.0,T4,T1,T3,T145,
9003.0,0.0,T2,T1,T3,T145,
9005.0,0.0,T1,,,,
9006.0,0.0,T1,,,,
9007.0,0.0,T4,T1,T3,T145,
9010.0,0.0,T1,,,,
9011.0,0.0,T1,,,,
9012.0,0.0,T1,,,,
9013.0,0.0,T1,,,,
9014.0,0.0,T1,T2,,,
9016.0,0.0,T1,T145,,,
9017.0,0.0,,,,,
9022.0,0.0,T1,,,,
9024.0,0.0,T1,,,,
9025.0,0.0,T1,,,,
9027.0,0.0,T3,T1,T145,,
9030.0,0.0,T4,T1,T3,T145,
9032.0,0.0,T1,,,,
9033.0,0.0,,,,,
9034.0,0.0,,,,,
9038.0,0.0,T1,T143,,,
9040.0,0.0,T1,T145,,,
9041.0,0.0,T1,T145,,,
9042.0,0.0,,,,,
9043.0,0.0,T1,,,,
9048.0,0.0,T3,T1,T145,,
9049.0,0.0,,,,,
9050.0,0.0,,,,,
9051.0,0.0,,,,,
9052.0,0.0,T3,T1,T145,,
9057.0,0.0,T1,T145,,,
9060.0,0.0,T1,,,,
9062.0,0.0,T1,,,,
9067.0,0.0,T1,,,,
9068.0,0.0,T1,T145,,,
9069.0,0.0,T5,T1,T3,T145,
9073.0,0.0,T1,,,,
9075.0,0.0,T1,,,,
9076.0,0.0,T4,T1,T3,T143,
9078.0,0.0,,,,,
9081.0,0.0,T1,,,,
9082.0,0.0,T1,,,,
9083.0,0.0,T1,,,,
9086.0,0.0,,,,,
9087.0,0.0,,,,,
9088.0,0.0,T1,,,,
9089.0,0.0,T1,,,,
9090.0,0.0,T1,,,,
9093.0,0.0,T1,,,,
9098.0,0.0,,,,,
9099.0,0.0,T1,T145,,,
9100.0,0.0,,,,,
9101.0,0.0,T4,T1,T3,T145,
9108.0,0.0,T1,,,,
9109.0,0.0,T1,T145,,,
9111.0,0.0,T1,,,,
9112.0,0.0,,,,,
9113.0,0.0,T1,,,,
9119.0,0.0,T4,T1,T3,T145,
9120.0,0.0,,,,,
9121.0,0.0,T1,,,,
9122.0,0.0,T1,,,,
9123.0,0.0,T1,,,,
9124.0,0.0,T1,,,,
9126.0,0.0,,,,,
9128.0,0.0,T1,,,,
9129.0,0.0,T1,,,,
9131.0,0.0,T1,,,,
9133.0,0.0,,,,,
9136.0,0.0,T1,T143,,,
9138.0,0.0,T1,,,,
9139.0,0.0,T1,,,,
9140.0,0.0,T1,,,,
9141.0,0.0,T1,T143,,,
9143.0,0.0,T1,,,,
9145.0,0.0,T3,T1,T145,,
9147.0,0.0,T4,T1,T3,T145,
9148.0,0.0,T1,,,,
9152.0,0.0,T3,T1,,,
9154.0,0.0,T3,T1,,,
9155.0,0.0,T1,,,,
9157.0,0.0,T3,T1,T145,,
9158.0,0.0,T3,T1,T145,,
9159.0,0.0,T1,,,,
9163.0,0.0,T3,T1,T145,,
9165.0,0.0,T5,T1,T3,T145,
9166.0,0.0,T1,,,,
9168.0,0.0,T1,,,,
9175.0,0.0,T1,T145,,,
9177.0,0.0,T1,,,,
9179.0,0.0,T3,T1,T145,,
9180.0,0.0,,,,,
9185.0,1.0,T1,,,,
9187.0,0.0,T3,T1,T145,,
9192.0,0.0,,,,,
9194.0,0.0,T1,,,,
9196.0,0.0,T3,T1,T145,,
9197.0,0.0,T1,,,,
9198.0,0.0,T1,,,,
9200.0,0.0,T3,T1,T145,,
9201.0,0.0,T1,,,,
9202.0,0.0,T1,,,,
9204.0,0.0,T1,,,,
9206.0,0.0,,,,,
9207.0,0.0,T1,T145,,,
9208.0,0.0,,,,,
9211.0,0.0,T1,,,,
9213.0,0.0,T1,,,,
9218.0,0.0,T1,,,,
9219.0,0.0,T1,,,,
9225.0,0.0,T1,T145,,,
9226.0,0.0,T3,T1,T145,,
9227.0,0.0,T1,,,,
9228.0,0.0,T1,,,,
9229.0,0.0,T1,,,,
9231.0,0.0,T3,T1,T145,,
9235.0,0.0,T1,,,,
9236.0,0.0,T1,,,,
9237.0,0.0,T1,,,,
9238.0,0.0,,,,,
9240.0,0.0,T3,T1,T145,,
9241.0,0.0,T4,T1,T3,T145,
9244.0,0.0,T1,,,,
9246.0,0.0,T1,T145,,,
9247.0,0.0,T1,,,,
9248.0,0.0,T1,T145,,,
9250.0,0.0,T1,,,,
9251.0,0.0,T3,T1,,,
9252.0,0.0,,,,,
9254.0,0.0,T1,,,,
9256.0,0.0,T3,T1,T145,,
9257.0,0.0,T1,,,,
9258.0,0.0,T4,T1,T3,T145,
9261.0,0.0,,,,,
9263.0,0.0,T1,,,,
9264.0,0.0,T1,,,,
9267.0,0.0,T1,T145,,,
9268.0,0.0,,,,,
9269.0,0.0,T3,T1,T145,,
9270.0,0.0,,,,,
9274.0,0.0,T1,,,,
9276.0,0.0,T1,,,,
9277.0,0.0,T3,T1,T145,,
9278.0,0.0,T4,T1,T3,T145,
9282.0,0.0,T1,,,,
9283.0,0.0,T1,,,,
9285.0,0.0,T1,T145,,,
9286.0,0.0,T1,,,,
9287.0,0.0,T3,T1,T145,,
9290.0,0.0,T4,T1,T3,T145,
9291.0,0.0,T1,,,,
9292.0,0.0,,,,,
9293.0,0.0,T3,T1,T145,,
9294.0,0.0,T1,,,,
9295.0,0.0,,,,,
9296.0,0.0,T1,,,,
9297.0,0.0,T1,T145,,,
9298.0,0.0,T1,,,,
9299.0,0.0,T1,,,,
9300.0,0.0,T3,T1,T145,,
9301.0,0.0,T1,,,,
9302.0,0.0,,,,,
9304.0,0.0,T3,T1,T145,,
9306.0,0.0,,,,,
9309.0,0.0,,,,,
9310.0,1.0,T3,T1,T145,,
9312.0,0.0,T3,T1,T145,,
9313.0,0.0,T1,,,,
9316.0,0.0,T1,,,,
9317.0,0.0,T3,T1,T2,T145,
9323.0,0.0,T1,T145,,,
9324.0,0.0,T4,T1,T3,T145,
9327.0,0.0,T1,,,,
9328.0,0.0,T1,T2,,,
9329.0,0.0,T1,T145,,,
9330.0,0.0,T1,T145,,,
9331.0,0.0,T3,T1,T145,,
9332.0,0.0,T3,T1,T145,,
9334.0,0.0,T1,,,,
9338.0,0.0,,,,,
9340.0,0.0,T1,,,,
9341.0,0.0,T3,T1,T145,,
9342.0,0.0,T1,,,,
9344.0,0.0,T1,,,,
9345.0,0.0,T1,,,,
9349.0,0.0,,,,,
9350.0,0.0,T3,T1,T145,,
9351.0,0.0,T1,T145,,,
9353.0,0.0,T1,,,,
9357.0,0.0,T1,,,,
9358.0,0.0,,,,,
9365.0,0.0,T1,T2,,,
9368.0,1.0,T3,T1,T1372,T145,
9369.0,0.0,T3,T1,T1372,T145,
9370.0,0.0,T1,,,,
9371.0,0.0,,,,,
9372.0,0.0,T1,T143,,,
9373.0,0.0,T4,T1,T3,T145,
9376.0,0.0,T1,,,,
9378.0,0.0,T1,,,,
9380.0,0.0,T3,T1,T145,,
9381.0,0.0,T1,,,,
9382.0,0.0,T3,T1,T145,,
9386.0,0.0,,,,,
9387.0,0.0,T1,,,,
9390.0,0.0,T1,,,,
9391.0,1.0,T1,,,,
9393.0,0.0,T1,,,,
9395.0,0.0,T1,,,,
9397.0,0.0,T3,T1,T145,,
9401.0,1.0,T1,,,,
9403.0,0.0,T1,,,,
9405.0,0.0,T1,T145,,,
9406.0,1.0,T5,T1,T3,T145,
9412.0,0.0,T3,T1,,,
9413.0,0.0,T1,,,,
9414.0,0.0,T1,,,,
9416.0,0.0,T1,,,,
9417.0,0.0,T1,,,,
9419.0,0.0,,,,,
9420.0,0.0,T1,,,,
9426.0,0.0,T1,,,,
9427.0,0.0,T1,,,,
9429.0,0.0,T1,,,,
9431.0,0.0,T3,T1,T145,,
9433.0,0.0,T1,,,,
9435.0,0.0,,,,,
9436.0,0.0,T1,,,,
9438.0,0.0,T1,,,,
9439.0,0.0,T3,T1,T145,,
9441.0,0.0,T1,,,,
9443.0,0.0,,,,,
9444.0,0.0,T1,,,,
9445.0,0.0,T3,T1,T145,,
9446.0,0.0,T1,,,,
9451.0,0.0,,,,,
9452.0,0.0,T1,T143,,,
9453.0,0.0,T3,T1,T145,,
9454.0,0.0,,,,,
9455.0,0.0,T1,,,,
9457.0,0.0,T3,T1,T145,,
9464.0,0.0,T1,,,,
9465.0,0.0,T1,,,,
9466.0,0.0,T1,,,,
9467.0,0.0,,,,,
9473.0,0.0,T1,,,,
9475.0,0.0,T3,T1,T145,,
9476.0,0.0,T1,,,,
9479.0,0.0,T1,,,,
9480.0,0.0,T1,T143,,,
9493.0,0.0,,,,,
9500.0,0.0,T1,,,,
9504.0,0.0,,,,,
9505.0,0.0,T1,,,,
9507.0,0.0,,,,,
9508.0,0.0,,,,,
9509.0,0.0,T1,,,,
9520.0,0.0,T1,,,,
9523.0,0.0,T3,T1,T145,,
9524.0,0.0,T1,,,,
9526.0,0.0,T1,,,,
9527.0,0.0,T1,T145,,,
9529.0,0.0,,,,,
9530.0,0.0,,,,,
9531.0,0.0,T3,T1,T145,,
9532.0,0.0,T1,,,,
9533.0,0.0,T3,T1,T145,,
9535.0,0.0,,,,,
9539.0,0.0,T1,T143,,,
9542.0,0.0,,,,,
9544.0,0.0,T1,,,,
9547.0,0.0,T1,T145,,,
9551.0,0.0,T4,T1,T3,T145,
9553.0,0.0,T1,T145,,,
9554.0,0.0,T1,T145,,,
9555.0,0.0,T5,T1,T3,T145,
9557.0,0.0,T3,T1,T145,,
9558.0,0.0,T3,T1,T145,,
9559.0,0.0,T1,,,,
9560.0,0.0,T1,T143,,,
9562.0,0.0,T3,T1,T145,,
9566.0,0.0,T1,,,,
9567.0,0.0,T1,,,,
9568.0,1.0,T3,T1,T145,,
9576.0,0.0,T1,,,,
9577.0,0.0,,,,,
9578.0,0.0,,,,,
9584.0,0.0,T1,,,,
9585.0,0.0,T1,,,,
9586.0,0.0,T1,,,,
9591.0,0.0,T1,,,,
9595.0,0.0,T1,,,,
9596.0,0.0,T1,,,,
9597.0,0.0,T1,,,,
9598.0,0.0,T1,,,,
9599.0,0.0,T4,T1,T3,T145,T512
9602.0,0.0,T3,T1,T145,,
9606.0,0.0,T1,,,,
9609.0,0.0,T1,,,,
9612.0,0.0,T1,,,,
9613.0,0.0,T1,,,,
9615.0,0.0,T1,,,,
9617.0,0.0,T3,T1,T145,,
9618.0,0.0,,,,,
9620.0,0.0,,,,,
9623.0,0.0,T1,,,,
9624.0,0.0,T1,,,,
9625.0,0.0,T3,T1,T145,,
9626.0,0.0,T3,T1,T145,,
9631.0,0.0,T1,,,,
9634.0,0.0,T2,T1,T3,T145,
9637.0,0.0,,,,,
9640.0,0.0,T5,T1,T3,T145,
9641.0,0.0,T4,T1,T3,T145,
9642.0,0.0,T3,T1,T145,,
9644.0,0.0,T1,,,,
9646.0,0.0,T1,T143,,,
9647.0,0.0,T1,T143,,,
9649.0,0.0,T1,T145,,,
9650.0,0.0,T1,,,,
9651.0,0.0,T1,,,,
9654.0,0.0,T1,,,,
9655.0,0.0,T1,,,,
9656.0,0.0,T3,T1,T145,,
9658.0,0.0,,,,,
9659.0,0.0,T1,,,,
9660.0,0.0,,,,,
9661.0,0.0,T1,,,,
9662.0,0.0,T1,T145,,,
9666.0,0.0,,,,,
9667.0,0.0,T1,,,,
9671.0,0.0,T1,,,,
9672.0,0.0,T1,T145,,,
9675.0,0.0,T1,,,,
9678.0,0.0,T1,,,,
9679.0,0.0,T1,,,,
9681.0,0.0,T1,,,,
9683.0,0.0,T1,T145,,,
9686.0,0.0,T1,,,,
9688.0,0.0,T1,,,,
9689.0,0.0,T1,T145,,,
9691.0,0.0,T1,,,,
9694.0,0.0,T3,T1,T145,,
9695.0,0.0,T5,T1,T3,T145,
9696.0,0.0,T1,,,,
9697.0,0.0,T1,,,,
9698.0,0.0,T3,T1,T145,,
9701.0,0.0,T1,,,,
9703.0,0.0,T1,,,,
9704.0,0.0,T1,,,,
9705.0,0.0,T1,,,,
9706.0,0.0,T3,T1,T145,,
9707.0,0.0,T1,T145,,,
9708.0,0.0,T1,,,,
9710.0,0.0,,,,,
9711.0,0.0,T1,,,,
9713.0,0.0,,,,,
9714.0,0.0,T1,T145,,,
9715.0,0.0,T1,,,,
9719.0,0.0,,,,,
9721.0,0.0,T1,,,,
9722.0,0.0,T1,,,,
9723.0,0.0,T1,,,,
9724.0,0.0,T1,,,,
9725.0,0.0,T1,,,,
9726.0,0.0,T1,,,,
9728.0,0.0,T4,T1,T3,T145,
9730.0,0.0,,,,,
9731.0,0.0,T1,,,,
9734.0,0.0,T3,T1,T143,,
9735.0,0.0,T1,T145,,,
9736.0,0.0,T3,T1,T145,,
9737.0,0.0,T1,,,,
9738.0,0.0,T1,,,,
9739.0,0.0,T3,T1,T145,,
9740.0,0.0,T1,,,,
9741.0,0.0,T3,T1,T145,,
9748.0,0.0,T1,,,,
9749.0,0.0,T1,,,,
9752.0,0.0,,,,,
9753.0,0.0,T4,T1,T3,T145,
9755.0,0.0,T5,T1,T3,T145,
9758.0,0.0,T1,,,,
9761.0,0.0,T3,T1,T145,,
9762.0,0.0,T1,,,,
9764.0,0.0,T1,,,,
9765.0,0.0,,,,,
9767.0,0.0,T3,T1,T145,,
9769.0,0.0,T1,,,,
9771.0,0.0,T1,,,,
9772.0,0.0,T1,,,,
9773.0,0.0,,,,,
9779.0,0.0,T5,T1,T3,T145,
9780.0,0.0,T4,T1,T3,T145,
9781.0,0.0,T1,T8,,,
9782.0,0.0,T3,T1,T145,,
9785.0,0.0,,,,,
9787.0,0.0,T3,T1,T145,,
9788.0,0.0,T1,,,,
9789.0,0.0,T3,T1,T145,,
9792.0,0.0,T1,,,,
9794.0,0.0,T3,T1,T145,,
9798.0,0.0,T1,,,,
9799.0,0.0,T1,,,,
9801.0,0.0,T1,,,,
9802.0,0.0,T3,T1,T145,,
9805.0,0.0,T2,T1,T3,T145,
9807.0,0.0,,,,,
9809.0,0.0,,,,,
9810.0,0.0,T3,T1,,,
9811.0,0.0,T3,T1,,,
9812.0,0.0,T1,,,,
9814.0,0.0,T1,T143,,,
9815.0,0.0,T1,T143,,,
9816.0,0.0,T1,,,,
9817.0,0.0,T1,T145,,,
9824.0,0.0,T1,T143,T16,,
9826.0,0.0,T1,,,,
9827.0,0.0,T1,,,,
9828.0,0.0,T1,,,,
9833.0,0.0,,,,,
9841.0,0.0,T1,,,,
9842.0,0.0,T1,,,,
9844.0,0.0,T3,T1,T145,,
9845.0,0.0,T1,,,,
9846.0,0.0,T1,,,,
9848.0,0.0,T1,,,,
9849.0,0.0,T1,,,,
9850.0,0.0,T1,,,,
9851.0,0.0,T1,,,,
9852.0,0.0,T1,T145,,,
9854.0,0.0,T1,,,,
9857.0,0.0,T1,,,,
9872.0,0.0,T1,,,,
9877.0,0.0,T1,,,,
9879.0,0.0,,,,,
9880.0,0.0,T4,T1,T3,T145,
9881.0,0.0,T3,T1,T145,,
9882.0,0.0,T3,T1,T145,,
9886.0,0.0,T1,,,,
9893.0,0.0,T3,T1,T145,,
9895.0,0.0,T1,,,,
9896.0,0.0,T1,,,,
9906.0,0.0,T1,,,,
9910.0,0.0,T1,,,,
9911.0,0.0,T1,T145,,,
9913.0,0.0,T1,T145,,,
9914.0,0.0,T1,T8,,,
9915.0,0.0,T4,T1,T3,T145,
9916.0,0.0,,,,,
9918.0,0.0,T1,,,,
9920.0,0.0,T1,,,,
9922.0,0.0,T1,,,,
9923.0,0.0,T1,,,,
9927.0,0.0,T1,,,,
9928.0,0.0,T5,T1,T3,T145,
9930.0,0.0,T1,,,,
9931.0,0.0,T3,T1,T145,,
9933.0,0.0,T1,T145,,,
9936.0,0.0,T1,,,,
9939.0,0.0,T3,T1,T145,,
9940.0,0.0,T3,T1,T145,,
9941.0,0.0,T1,,,,
9942.0,0.0,T1,,,,
9944.0,0.0,T1,,,,
9945.0,0.0,T1,,,,
9948.0,0.0,T1,,,,
9949.0,0.0,T1,,,,
9951.0,0.0,T3,T1,T145,,
9952.0,0.0,T1,T145,,,
9954.0,0.0,T3,T1,T145,,
9955.0,0.0,,,,,
9958.0,0.0,T1,,,,
9959.0,0.0,T1,,,,
9961.0,0.0,,,,,
9963.0,0.0,T1,,,,
9964.0,0.0,T1,,,,
9965.0,0.0,T1,T145,,,
9966.0,0.0,T3,T1,T145,,
9967.0,0.0,T4,T1,T3,T145,
9969.0,0.0,T1,,,,
9970.0,0.0,T1,,,,
9972.0,0.0,,,,,
9973.0,0.0,,,,,
9974.0,0.0,,,,,
9975.0,0.0,,,,,
9978.0,0.0,T4,T1,T3,T145,
9980.0,0.0,,,,,
9981.0,0.0,T1,,,,
9983.0,0.0,T3,T1,T145,,
9985.0,0.0,T1,,,,
9987.0,0.0,T1,,,,
9992.0,0.0,,,,,
9993.0,0.0,T3,T1,T145,,
9994.0,0.0,T1,,,,
9996.0,0.0,,,,,
9999.0,0.0,T1,T143,,,
10002.0,0.0,T1,,,,
10003.0,0.0,T1,,,,
10008.0,0.0,T1,,,,
10010.0,0.0,T3,T1,T145,,
10011.0,0.0,,,,,
10012.0,0.0,T1,,,,
10015.0,0.0,T3,T1,T145,,
10017.0,0.0,T1,T145,,,
10018.0,0.0,T1,,,,
10021.0,0.0,T1,,,,
10022.0,0.0,T4,T1,T3,T145,
10023.0,0.0,T1,,,,
10025.0,0.0,T3,T1,,,
10026.0,0.0,,,,,
10029.0,0.0,T1,,,,
10031.0,0.0,T1,,,,
10033.0,0.0,T1,,,,
10035.0,0.0,T1,,,,
10039.0,0.0,,,,,
10045.0,0.0,T3,T1,T145,T2,
10047.0,0.0,T3,T1,T145,,
10048.0,0.0,,,,,
10050.0,0.0,T1,,,,
10053.0,0.0,T1,,,,
10055.0,0.0,T1,,,,
10057.0,0.0,T3,T1,T145,,
10059.0,0.0,T1,T145,,,
10061.0,0.0,T1,,,,
10062.0,0.0,T3,T1,T145,,
10063.0,0.0,T3,T1,T145,,
10064.0,0.0,T1,,,,
10065.0,0.0,T5,T1,T3,T143,
10067.0,0.0,T1,T145,,,
10068.0,0.0,,,,,
10069.0,0.0,T3,T1,T145,,
10070.0,0.0,T3,T1,T145,,
10071.0,0.0,T1,,,,
10072.0,0.0,,,,,
10073.0,0.0,T1,,,,
10074.0,0.0,T1,,,,
10075.0,0.0,T1,,,,
10076.0,0.0,T1,,,,
10077.0,0.0,T1,,,,
10078.0,0.0,T3,T1,T145,,
10079.0,0.0,,,,,
10083.0,0.0,T3,T1,T145,,
10084.0,0.0,T1,,,,
10085.0,0.0,,,,,
10086.0,0.0,T1,T145,,,
10088.0,0.0,,,,,
10089.0,0.0,T1,,,,
10092.0,0.0,T1,T143,,,
10094.0,0.0,T1,,,,
10097.0,0.0,T1,,,,
10098.0,0.0,T1,T145,,,
10099.0,0.0,,,,,
10102.0,0.0,T3,T1,,,
10103.0,0.0,T3,T1,T145,,
10104.0,0.0,T1,,,,
10106.0,0.0,T1,,,,
10108.0,0.0,T1,,,,
10109.0,0.0,T1,,,,
10110.0,0.0,T1,T145,,,
10112.0,0.0,,,,,
10114.0,0.0,T1,T143,,,
10116.0,0.0,,,,,
10123.0,0.0,T1,,,,
10126.0,0.0,T3,T1,T145,,
10127.0,0.0,T1,,,,
10129.0,0.0,T1,,,,
10131.0,0.0,T1,T143,,,
10133.0,0.0,T1,,,,
10135.0,0.0,T4,T1,T3,T145,
10137.0,0.0,T3,T1,T145,,
10138.0,0.0,T3,T1,T145,,
10139.0,0.0,T4,T1,T3,T145,
10142.0,0.0,T1,,,,
10143.0,0.0,T1,,,,
10146.0,0.0,,,,,
10147.0,0.0,T3,T1,T145,,
